t_ms,hora,datos_hex
1785249719864,16:42:00.916,00 00 00 00 00 00 00 00 18 00 42 00 00 A2 EF 34 A7 2F 00 00 7F 81 00 01 00 00 00 00 00 00 38 1A C1 1A BC 44 44 00 80 00 30 AE 99 60 56 56 04 DC 76 67 64 0D 32 19 40 00 4C 49 C0 46 37 00 00 6A 05 10 F4 64
1785249720923,16:42:01.989,00 00 00 00 00 00 00 00 18 00 42 00 00 A2 EF 34 A7 2F 00 00 7F 81 00 01 00 00 00 00 00 00 38 1A 80 1A 71 44 44 00 80 00 30 AE 99 60 56 57 04 D6 7F 67 64 0D 32 19 40 00 4C 49 C0 46 37 00 00 6C 06 10 F4 64
1785249721992,16:42:03.063,00 00 00 00 00 00 00 00 18 00 42 00 00 A2 EF 34 A7 2F 00 00 7F 81 00 01 00 00 00 00 00 00 38 1A 74 1A 7D 44 44 00 80 00 30 AE 99 60 56 6B 04 F2 77 67 64 0D 32 19 40 00 4C 49 C0 46 37 00 00 6A 06 10 F4 64
1785249723079,16:42:03.424,00 00 00 00 00 00 00 00 18 00 42 00 00 A2 EF 34 A7 2F 00 00 7F 81 00 01 00 00 00 00 00 00 38 1A 95 1A 9E 44 44 00 80 00 30 AE 99 60 56 64 04 DD 7D 67 64 0D 32 19 40 00 4C 49 C0 46 37 00 00 6A 05 10 F4 64
1785249723483,16:42:03.845,00 00 00 00 00 00 00 00 18 00 42 00 00 A2 EF 34 A7 2F 00 00 7F 81 00 01 00 00 00 00 00 00 38 1A 6D 1A A3 44 44 00 80 00 30 AE 99 60 56 55 04 F3 74 67 64 0D 32 19 40 00 4C 49 C0 46 37 00 00 6A 05 10 F4 64
1785249723886,16:42:04.227,00 00 00 00 00 00 00 00 18 00 42 00 00 A2 EF 34 A7 2F 00 00 7F 81 00 01 00 00 00 00 00 00 38 1A A5 1A 9E 44 44 00 80 00 30 AE 99 60 56 59 04 E6 79 67 64 0D 32 19 40 00 4C 49 C0 46 37 00 00 6C 05 10 F4 64
1785249724286,16:42:04.641,00 00 00 00 00 00 00 00 18 00 42 00 00 A2 EF 34 A7 2F 00 00 7F 81 00 01 00 00 00 00 00 00 38 1A 9B 1A 94 44 44 00 80 00 30 AE 99 60 56 73 04 E8 7F 67 64 0D 32 19 40 00 4C 49 C0 46 37 00 00 6C 05 10 F4 64
1785249724687,16:42:05.040,00 00 00 00 00 00 00 00 18 00 42 00 00 A2 EF 34 A7 2F 00 00 7F 81 00 01 00 00 00 00 00 00 38 1A 83 1A A3 44 44 00 80 00 30 AE 99 60 56 62 04 E8 74 67 64 0D 32 19 40 00 4C 49 C0 46 37 00 00 6A 05 10 F4 64
1785249725088,16:42:05.438,00 00 00 00 00 00 00 00 18 00 42 00 00 A2 EF 34 A7 2F 00 00 7F 81 00 01 00 00 00 00 00 00 38 1A B7 1A 80 44 44 00 80 00 30 AE 99 60 56 4F 04 E2 78 67 64 0D 32 19 40 00 4C 49 C0 46 37 00 00 6C 05 10 F4 64
1785249725489,16:42:05.843,00 00 00 00 00 00 00 00 18 00 42 00 00 A2 EF 34 A7 2F 00 00 7F 81 00 01 00 00 00 00 00 00 38 1A 86 1A 87 44 44 00 80 00 30 AE 99 61 56 6D 04 E7 7F 67 64 0D 32 19 40 00 4C 49 C0 46 37 00 00 6C 05 10 F4 64
1785249725890,16:42:06.248,00 00 00 00 00 00 00 00 18 00 42 00 00 A2 EF 34 A7 2F 00 00 7F 81 00 01 00 00 00 00 00 00 38 1A 74 1A 8D 44 44 00 80 00 30 AE 99 61 56 50 04 F4 76 67 64 0D 32 19 40 00 4C 49 C0 46 37 00 00 6A 05 10 F4 64
1785249726298,16:42:06.645,00 00 00 00 00 00 00 00 18 00 42 00 00 A2 EF 34 A7 2F 00 00 7F 81 00 01 00 00 00 00 00 00 38 1A 40 1A 2D 44 44 00 80 00 30 AE 99 61 56 64 04 D8 79 66 64 0D 32 19 40 00 4C 49 C0 46 37 00 00 6A 06 10 F4 64
1785249726699,16:42:07.041,00 00 00 00 00 00 00 00 18 00 42 00 00 A2 EF 34 A7 2F 00 00 7F 81 00 01 00 00 00 00 00 00 38 1A BB 1A A0 44 44 00 80 00 30 AE 99 61 56 6D 04 E8 7E 67 64 0D 32 19 40 00 4C 49 C0 46 37 00 00 6C 05 10 F4 64
1785249727103,16:42:07.471,00 00 00 00 00 00 00 00 18 00 42 00 00 A2 EF 34 A7 2F 00 00 7F 81 00 01 00 00 00 00 00 00 38 1A 86 1A 89 44 44 00 80 00 30 AE 99 61 56 58 04 D7 74 67 64 0D 32 19 40 00 4C 49 C0 46 37 00 00 6C 05 10 F4 64
1785249727505,16:42:07.826,00 00 00 00 00 00 00 00 18 00 42 00 00 A2 EF 34 A7 2F 00 00 7F 81 00 01 00 00 00 00 00 00 38 1A 64 1A 7F 44 44 00 80 00 30 AE 99 61 56 47 04 E7 78 66 64 0D 32 19 40 00 4C 49 C0 46 37 00 00 6C 06 10 F4 64
1785249727906,16:42:08.215,00 00 00 00 00 00 00 00 18 00 42 00 00 A2 EF 34 A7 2F 00 00 7F 81 00 01 00 00 00 00 00 00 38 1A AB 1A 8A 44 44 00 80 00 30 AE 99 61 56 4B 04 E7 7E 67 64 0D 32 19 40 00 4C 49 C0 46 37 00 00 6C 05 10 F4 64
1785249728307,16:42:08.623,00 00 00 00 00 00 00 00 18 00 42 00 00 A2 EF 34 A7 2F 00 00 7F 81 00 01 00 00 00 00 00 00 38 1A 95 1A 9E 44 44 00 80 00 30 AE 99 61 56 66 04 D7 75 67 64 0D 32 19 40 00 4C 49 C0 46 37 00 00 6C 05 10 F4 64
1785249728707,16:42:09.008,00 00 00 00 00 00 00 00 18 00 42 00 00 A2 EF 34 A7 2F 00 00 7F 81 00 01 00 00 00 00 00 00 38 1A 6D 1A 75 44 44 00 80 00 30 AE 99 61 56 73 04 ED 77 66 64 0D 32 19 40 00 4C 49 C0 46 37 00 00 6C 06 10 F4 64
1785249729108,16:42:09.414,00 00 00 00 00 00 00 00 18 00 42 00 00 A2 EF 34 A7 2F 00 00 7F 81 00 01 00 00 00 00 00 00 38 1A 95 1A 80 44 44 00 80 00 30 AE 99 61 56 55 04 F1 7D 67 64 0D 32 19 40 00 4C 49 C0 46 37 00 00 6C 05 10 F4 64
1785249729509,16:42:09.824,00 00 00 00 00 00 00 00 18 00 42 00 00 A2 EF 34 A7 2F 00 00 7F 81 00 01 00 00 00 00 00 00 38 1A 67 1A 83 44 44 00 80 00 30 AE 99 61 56 58 04 E2 79 67 64 0D 32 19 40 00 4C 49 C0 46 37 00 00 6C 05 10 F4 64
1785249729910,16:42:10.210,00 00 00 00 00 00 00 00 18 00 42 00 00 A2 EF 34 A7 2F 00 00 7F 81 00 01 00 00 00 00 00 00 38 1A 77 1A 88 44 44 00 80 00 30 AE 99 61 56 70 04 EC 75 66 64 0D 32 19 40 00 4C 49 C0 46 38 00 00 6C 05 10 F4 64
1785249730311,16:42:10.623,00 00 00 00 00 00 00 00 18 00 42 00 00 A2 EF 34 A7 2F 00 00 7F 81 00 01 00 00 00 00 00 00 38 1A CA 1A 92 44 44 00 80 00 30 AE 99 61 56 4E 04 E8 7B 67 64 0D 32 19 40 00 4C 49 C0 47 38 00 00 6C 05 10 F4 64
1785249730712,16:42:11.024,00 00 00 00 00 00 00 00 18 00 42 00 00 A2 EF 34 A7 2F 00 00 7F 81 00 01 00 00 00 00 00 00 38 1A B4 1A BF 44 44 00 80 00 30 AE 99 61 56 6D 04 D9 7D 67 64 0D 32 19 40 00 4C 49 C0 46 38 00 00 6C 05 10 F4 64
1785249731113,16:42:11.420,00 00 00 00 00 00 00 00 18 00 42 00 00 A2 EF 34 A7 2F 00 00 7F 81 00 01 00 00 00 00 00 00 38 1A 6D 1A 8A 44 44 00 80 00 30 AE 99 61 56 6F 04 F5 74 67 64 0D 32 19 40 00 4C 49 C0 46 38 00 00 6C 06 10 F4 64
1785249731514,16:42:11.829,00 00 00 00 00 00 00 00 18 00 42 00 00 A2 EF 34 A7 2F 00 00 7F 81 00 01 00 00 00 00 00 00 38 1A 9B 1A 86 44 44 00 80 00 30 AE 98 61 56 47 04 EE 79 66 64 0D 32 19 40 00 4C 49 C0 47 38 00 00 6C 05 10 F4 64
1785249731920,16:42:12.241,00 00 00 00 00 00 00 00 18 00 42 00 00 A2 EF 34 A7 2F 00 00 7F 81 00 01 00 00 00 00 00 00 38 1A 70 1A 68 44 44 00 80 00 30 AE 98 61 56 75 04 DE 7F 67 64 0D 32 19 40 00 4C 49 C0 47 38 00 00 6C 06 10 F4 64
1785249732322,16:42:12.623,00 00 00 00 00 00 00 00 18 00 42 00 00 A2 EF 34 A7 2F 00 00 7F 81 00 01 00 00 00 00 00 00 38 1A 74 1A 7E 44 44 00 80 00 30 AE 98 61 56 54 04 E9 76 67 64 0D 32 19 40 00 4C 49 C0 47 38 00 00 6C 05 10 F4 64
1785249732723,16:42:13.025,00 00 00 00 00 00 00 00 18 00 42 00 00 A2 EF 34 A7 2F 00 00 7F 81 00 01 00 00 00 00 00 00 38 1A 52 1A 50 44 44 00 80 00 30 AE 98 61 56 6B 04 DC 7A 67 64 0D 32 19 40 00 4C 49 C0 47 38 00 00 6C 06 10 F4 64
1785249733125,16:42:13.422,00 00 00 00 00 00 00 00 18 00 42 00 00 A2 EF 34 A7 2F 00 00 7F 81 00 01 00 00 00 00 00 00 38 1A 9F 1A 85 44 44 00 80 00 30 AE 98 61 56 75 04 F0 7E 67 64 0D 32 19 40 00 4C 49 C0 47 38 00 00 6C 05 10 F4 64
1785249733526,16:42:13.826,00 00 00 00 00 00 00 00 18 00 42 00 00 A2 EF 34 A7 2F 00 00 7F 81 00 01 00 00 00 00 00 00 38 1A 55 1A 8C 44 44 00 80 00 30 AE 98 61 56 3C 04 EB 73 67 64 0D 32 19 40 00 4C 49 C0 47 38 00 00 6C 06 10 F4 64
1785249733928,16:42:14.241,00 00 00 00 00 00 00 00 18 00 42 00 00 A2 EF 34 A7 2F 00 00 7F 81 00 01 00 00 00 00 00 00 38 1A 80 1A 7E 44 44 00 80 00 30 AE 98 61 56 6D 04 E5 78 66 64 0D 32 19 40 00 4C 49 C0 47 38 00 00 6C 06 10 F4 64
1785249734328,16:42:14.631,00 00 00 00 00 00 00 00 18 00 42 00 00 A2 EF 34 A7 2F 00 00 7F 81 00 01 00 00 00 00 00 00 38 1A 89 1A 74 44 44 00 80 00 30 AE 98 61 56 5C 04 FB 7F 67 64 0D 32 19 40 00 4C 49 C0 47 38 00 00 6C 06 10 F4 64
1785249734729,16:42:15.029,00 00 00 00 00 00 00 00 18 00 42 00 00 A2 EF 34 A7 2F 00 00 7F 81 00 01 00 00 00 00 00 00 38 1A 64 1A 84 44 44 00 80 00 30 AE 98 61 56 41 04 F5 75 67 64 0D 32 19 40 00 4C 49 C0 47 38 00 00 6C 06 10 F4 64
1785249735129,16:42:15.408,00 00 00 00 00 00 00 00 18 00 42 00 00 A2 EF 34 A7 2F 00 00 7F 81 00 01 00 00 00 00 00 00 38 1A 92 1A 96 44 44 00 80 00 30 AE 98 61 56 71 04 F3 77 67 64 0D 32 19 40 00 4C 49 C0 47 38 00 00 6C 05 10 F4 64
1785249735530,16:42:15.808,00 00 00 00 00 00 00 00 18 00 42 00 00 A2 EF 34 A7 2F 00 00 7F 81 00 01 00 00 00 00 00 00 38 1A A2 1A 6F 44 44 00 80 00 30 B0 98 61 56 63 04 F0 7E 67 64 0D 32 19 40 00 4C 49 C0 47 38 00 00 6C 05 10 F4 64
1785249735930,16:42:16.263,00 00 00 00 00 00 00 00 18 00 42 00 00 A2 EF 34 A7 2F 00 00 7F 81 00 01 00 00 00 00 00 00 38 1A 70 1A B4 44 44 00 80 00 30 B0 98 61 56 3E 04 D5 79 67 64 0D 32 19 40 00 4C 49 C0 47 38 00 00 6C 06 10 F4 64
1785249736330,16:42:16.624,00 00 00 00 00 00 00 00 18 00 42 00 00 A2 EF 34 A7 2F 00 00 7F 81 00 01 00 00 00 00 00 00 38 1A 8C 1A A5 44 44 00 80 00 30 B0 98 61 56 6F 04 F8 76 67 64 0D 32 19 40 00 4C 49 C0 47 38 00 00 6C 05 10 F4 64
1785249736732,16:42:17.053,00 00 00 00 00 00 00 00 18 00 42 00 00 A2 EF 34 A7 2F 00 00 7F 81 00 01 00 00 00 00 00 00 38 1A 7A 1A 94 44 44 00 80 00 30 B0 98 61 56 73 04 F9 7F 67 64 0D 32 19 40 00 4C 49 C0 47 38 00 00 6C 06 10 F4 64
1785249737134,16:42:17.428,00 00 00 00 00 00 00 00 18 00 42 00 00 A2 EF 34 A7 2F 00 00 7F 81 00 01 00 00 00 00 00 00 38 1A A5 1A 8E 44 44 00 80 00 30 B0 98 61 56 76 04 F4 7A 67 64 0D 32 19 40 00 4C 49 C0 47 38 00 00 6C 05 10 F4 64
1785249737535,16:42:17.818,00 00 00 00 00 00 00 00 18 00 42 00 00 A2 EF 34 A7 2F 00 00 7F 81 00 01 00 00 00 00 00 00 38 1A 98 1A 9D 44 44 00 80 00 30 B0 98 61 56 71 04 F7 75 67 64 0D 32 19 40 00 4C 49 C0 47 38 00 00 6C 05 10 F4 64
1785249737936,16:42:18.233,00 00 00 00 00 00 00 00 18 00 42 00 00 A2 EF 34 A7 2F 00 00 7F 81 00 01 00 00 00 00 00 00 38 1A A2 1A 7B 44 44 00 80 00 30 B0 98 61 56 4E 04 EB 7B 67 64 0D 32 19 40 00 4C 49 C0 47 38 00 00 6C 05 10 F4 64
1785249738337,16:42:18.621,00 00 00 00 00 00 00 00 18 00 42 00 00 A2 EF 34 A7 2F 00 00 7F 81 00 01 00 00 00 00 00 00 38 1A 9B 1A 90 44 44 00 80 00 30 B0 98 61 56 71 04 E5 7B 67 64 0D 32 19 40 00 4C 49 C0 47 38 00 00 6C 05 10 F4 64
1785249738738,16:42:19.045,00 00 00 00 00 00 00 00 18 00 42 00 00 A2 EF 34 A7 2F 00 00 7F 81 00 01 00 00 00 00 00 00 39 1A A8 1A C6 44 44 00 80 00 30 B0 98 61 56 75 04 F0 74 67 64 0D 32 19 40 00 4C 49 C0 47 38 00 00 6C 05 10 F4 64
1785249739139,16:42:19.445,00 00 00 00 00 00 00 00 18 00 42 00 00 A2 EF 34 A7 2F 00 00 7F 81 00 01 00 00 00 00 00 00 39 1A BE 1A 90 44 44 00 80 00 30 B0 98 61 56 4B 04 EC 7A 67 64 0D 32 19 40 00 4C 49 C0 47 38 00 00 6C 05 10 F4 64
1785249739542,16:42:19.861,00 00 00 00 00 00 00 00 18 00 42 00 00 A2 EF 34 A7 2F 00 00 7F 81 00 01 00 00 00 00 00 00 38 1A 7D 1A 69 44 44 00 80 00 30 B0 98 61 56 62 04 F7 78 67 64 0D 32 19 40 00 4C 49 C0 47 38 00 00 6C 06 10 F4 64
1785249739963,16:42:20.263,00 00 00 00 00 00 00 00 18 00 42 00 00 A2 EF 34 A7 2F 00 00 7F 81 00 01 00 00 00 00 00 00 38 1A A5 1A 91 44 44 00 80 00 30 B0 98 61 56 5E 04 F3 75 66 64 0D 32 19 40 00 4C 49 C0 47 38 00 00 6C 05 10 F4 64
1785249740364,16:42:20.636,00 00 00 00 00 00 00 00 18 00 42 00 00 A2 EF 34 A7 2F 00 00 7F 81 00 01 00 00 00 00 00 00 38 1A 9F 1A A8 44 44 00 80 00 30 B0 98 61 56 6D 04 F7 7D 67 64 0D 32 19 40 00 4C 49 C0 47 38 00 00 6C 05 10 F4 64
1785249740768,16:42:21.064,00 00 00 00 00 00 00 00 18 00 42 00 00 A2 EF 34 A7 2F 00 00 7F 81 00 01 00 00 00 00 00 00 38 1A A8 1A 70 44 44 00 80 00 30 B0 98 61 56 59 04 DF 7A 67 64 0D 32 19 40 00 4C 49 C0 47 38 00 00 6C 06 10 F4 64
1785249741169,16:42:21.468,00 00 00 00 00 00 00 00 18 00 42 00 00 A2 EF 34 A7 2F 00 00 7F 81 00 01 00 00 00 00 00 00 38 1A 8F 1A 65 44 44 00 80 00 30 B0 98 61 56 73 04 E8 74 67 64 0D 32 19 40 00 4C 49 C0 47 38 00 00 6C 05 10 F4 64
1785249741570,16:42:21.865,00 00 00 00 00 00 00 00 18 00 42 00 00 A2 EF 34 A7 2F 00 00 7F 81 00 01 00 00 00 00 00 00 38 1A 92 1A B0 44 44 00 80 00 30 B0 98 61 56 61 04 E9 7A 67 64 0D 32 19 40 00 4C 49 C0 47 38 00 00 6C 05 10 F4 64
1785249741971,16:42:22.267,00 00 00 00 00 00 00 00 18 00 42 00 00 A2 EF 34 A7 2F 00 00 7F 81 00 01 00 00 00 00 00 00 38 1A A8 1A A0 44 44 00 80 00 30 B0 98 61 56 61 04 DB 7E 67 64 0D 32 19 40 00 4C 49 C0 47 38 00 00 6C 05 10 F4 64
1785249742372,16:42:22.671,00 00 00 00 00 00 00 00 18 00 42 00 00 A2 EF 34 A7 2F 00 00 7F 81 00 01 00 00 00 00 00 00 38 1A 92 1A 83 44 44 00 80 00 30 B0 98 61 56 6F 04 F2 73 67 64 0D 32 19 40 00 4C 49 C0 47 38 00 00 6C 05 10 F4 64
1785249742773,16:42:23.070,00 00 00 00 00 00 00 00 18 00 42 00 00 A2 EF 34 A7 2F 00 00 7F 81 00 01 00 00 00 00 00 00 38 1A 4C 1A 6B 44 44 00 80 00 30 B0 98 61 56 3B 04 EC 7A 67 64 0D 32 19 40 00 4C 49 C0 47 38 00 00 6C 06 10 F4 64
1785249743174,16:42:23.473,00 00 00 00 00 00 00 00 18 00 42 00 00 A2 EF 34 A7 2F 00 00 7F 81 00 01 00 00 00 00 00 00 38 1A 80 1A 78 44 44 00 80 00 30 B0 98 61 56 6A 04 E5 7E 67 64 0D 32 19 40 00 4C 49 C0 47 38 00 00 6C 06 10 F4 64
1785249743577,16:42:23.874,00 00 00 00 00 00 00 00 18 00 42 00 00 A2 EF 34 A7 2F 00 00 7F 81 00 01 00 00 00 00 00 00 38 1A D4 1A 92 44 44 00 80 00 30 B0 98 61 56 60 04 F3 73 67 64 0D 32 19 40 00 4C 49 C0 47 38 00 00 6C 05 10 F4 64
1785249743980,16:42:24.252,00 00 00 00 00 00 00 00 18 00 42 00 00 A2 EF 34 A7 2F 00 00 7F 81 00 01 00 00 00 00 00 00 38 1A 52 1A 90 44 44 00 80 00 30 B0 98 61 56 45 04 D4 79 66 64 0D 32 19 40 00 4C 49 C0 47 38 00 00 6C 06 10 F4 64
1785249744382,16:42:24.655,00 00 00 00 00 00 00 00 18 00 42 00 00 A2 EF 34 A7 2F 00 00 7F 81 00 01 00 00 00 00 00 00 38 1A 7A 1A 7D 44 44 00 80 00 30 B0 98 61 56 73 04 E3 7F 67 64 0D 32 19 40 00 4C 49 C0 47 38 00 00 6C 06 10 F4 64
1785249744784,16:42:25.089,00 00 00 00 00 00 00 00 18 00 42 00 00 A2 EF 34 A7 2F 00 00 7F 81 00 01 00 00 00 00 00 00 38 1A 98 1A 76 44 44 00 80 00 30 B0 97 61 56 52 04 F4 73 67 64 0D 32 19 40 00 4C 49 C0 47 38 00 00 6C 06 10 F4 64
1785249745185,16:42:25.484,00 00 00 00 00 00 00 00 18 00 42 00 00 A2 EF 34 A7 2F 00 00 7F 81 00 01 00 00 00 00 00 00 38 1A A2 1A 96 44 44 00 80 00 30 B0 98 61 56 6A 04 E5 7A 67 64 0D 32 19 40 00 4C 49 C0 47 38 00 00 6C 05 10 F4 64
1785249745587,16:42:25.882,00 00 00 00 00 00 00 00 18 00 42 00 00 A2 EF 34 A7 2F 00 00 7F 81 00 01 00 00 00 00 00 00 38 1A 7D 1A 85 44 44 00 80 00 30 B0 98 61 56 72 04 F1 7F 67 64 0D 32 19 40 00 4C 49 C0 47 38 00 00 6C 06 10 F4 64
1785249745988,16:42:26.286,00 00 00 00 00 00 00 00 18 00 42 00 00 A2 EF 34 A7 2F 00 00 7F 81 00 01 00 00 00 00 00 00 38 1A BB 1A 7A 44 44 00 80 00 30 B0 97 61 56 4C 04 E2 74 67 64 0D 32 19 40 00 4C 49 C0 47 38 00 00 6C 05 10 F4 64
1785249746389,16:42:26.690,00 00 00 00 00 00 00 00 18 00 42 00 00 A2 EF 34 A7 2F 00 00 7F 81 00 01 00 00 00 00 00 00 38 1A C1 1A A4 44 44 00 80 00 30 B0 97 61 56 75 04 F2 79 67 64 0D 32 19 40 00 4C 49 C0 47 38 00 00 6C 05 10 F4 64
1785249746790,16:42:27.070,00 00 00 00 00 00 00 00 18 00 42 00 00 A2 EF 34 A7 2F 00 00 7F 81 00 01 00 00 00 00 00 00 38 1A 7D 1A A4 44 44 00 80 00 30 B0 97 61 56 4F 04 E8 7F 67 64 0D 32 19 40 00 4C 49 C0 47 38 00 00 6C 05 10 F4 64
1785249747191,16:42:27.467,00 00 00 00 00 00 00 00 18 00 42 00 00 A2 EF 34 A7 2F 00 00 7F 81 00 01 00 00 00 00 00 00 38 1A 92 1A 8C 44 44 00 80 00 30 B0 97 61 56 5E 04 E3 75 67 64 0D 32 19 40 00 4C 49 C0 47 38 00 00 6C 05 10 F4 64
1785249747591,16:42:27.869,00 00 00 00 00 00 00 00 18 00 42 00 00 A2 EF 34 A7 2F 00 00 7F 81 00 01 00 00 00 00 00 00 38 1A 9F 1A A0 44 44 00 80 00 30 B0 97 61 56 73 04 EA 78 66 64 0D 32 19 40 00 4C 49 C0 47 38 00 00 6C 05 10 F4 64
1785249747991,16:42:28.288,00 00 00 00 00 00 00 00 18 00 42 00 00 A2 EF 34 A7 2F 00 00 7F 81 00 01 00 00 00 00 00 00 38 1A 7D 1A A9 44 44 00 80 00 30 B0 97 61 56 5A 04 EB 7F 67 64 0D 32 19 40 00 4C 49 C0 47 38 00 00 6C 05 10 F4 64
1785249748393,16:42:28.688,00 00 00 00 00 00 00 00 18 00 42 00 00 A2 EF 34 A7 2F 00 00 7F 81 00 01 00 00 00 00 00 00 38 1A 9F 1A 96 44 44 00 80 00 30 B0 97 61 56 5C 04 D7 76 67 64 0D 32 19 40 00 4C 49 C0 48 38 00 00 6C 05 10 F4 64
1785249748794,16:42:29.092,00 00 00 00 00 00 00 00 18 00 42 00 00 A2 EF 34 A7 2F 00 00 7F 81 00 01 00 00 00 00 00 00 38 1A A8 1A A1 44 44 00 80 00 30 B0 97 61 56 76 04 DB 77 67 64 0D 32 19 40 00 4C 49 C0 47 38 00 00 6C 05 10 F4 64
1785249749195,16:42:29.501,00 00 00 00 00 00 00 00 18 00 42 00 00 A2 EF 34 A7 2F 00 00 7F 81 00 01 00 00 00 00 00 00 38 1A 61 1A 96 44 44 00 80 00 30 B0 97 61 56 45 04 D5 7F 67 64 0D 32 19 40 00 4C 49 C0 47 38 00 00 6C 05 10 F4 64
1785249749597,16:42:29.896,00 00 00 00 00 00 00 00 18 00 42 00 00 A2 EF 34 A7 2F 00 00 7F 81 00 01 00 00 00 00 00 00 38 1A 80 1A 86 44 44 00 80 00 30 B0 97 61 56 6F 04 E6 76 67 64 0D 32 19 40 00 4C 49 C0 48 39 00 00 6C 06 10 F4 64
1785249749999,16:42:30.301,00 00 00 00 00 00 00 00 18 00 42 00 00 A2 EF 34 A7 2F 00 00 7F 81 00 01 00 00 00 00 00 00 38 1A 95 1A 77 44 44 00 80 00 30 B0 97 61 56 5F 04 EE 77 67 64 0D 32 19 40 00 4C 49 C0 48 39 00 00 6C 05 10 F4 64
1785249750400,16:42:30.709,00 00 00 00 00 00 00 00 18 00 42 00 00 A2 EF 34 A7 2F 00 00 7F 81 00 01 00 00 00 00 00 00 38 1A 98 1A A1 44 44 00 80 00 30 B0 97 61 56 56 04 DF 7D 67 64 0D 32 19 40 00 4C 49 C0 47 38 00 00 6C 05 10 F4 64
1785249750801,16:42:31.086,00 00 00 00 00 00 00 00 18 00 42 00 00 A2 EF 34 A7 2F 00 00 7F 81 00 01 00 00 00 00 00 00 38 1A 9B 1A 9B 44 44 00 80 00 30 B0 97 61 56 74 04 E7 78 67 64 0D 32 19 40 00 4C 49 C0 48 39 00 00 6C 05 10 F4 64
1785249751202,16:42:31.482,00 00 00 00 00 00 00 00 18 00 42 00 00 A2 EF 34 A7 2F 00 00 7F 81 00 01 00 00 00 00 00 00 38 1A C1 1A AC 44 44 00 80 00 30 B0 97 61 56 66 04 E5 74 67 64 0D 32 19 40 00 4C 49 C0 48 39 00 00 6C 05 10 F4 64
1785249751602,16:42:31.894,00 00 00 00 00 00 00 00 18 00 42 00 00 A2 EF 34 A7 2F 00 00 7F 81 00 01 00 00 00 00 00 00 38 1A A8 1A E5 44 44 00 80 00 30 B0 97 61 56 52 04 DC 7C 67 64 0D 32 19 40 00 4C 49 C0 48 39 00 00 6C 05 11 F4 64
1785249752002,16:42:32.301,00 00 00 00 00 00 00 00 18 00 42 00 00 A2 EF 34 A7 2F 00 00 7F 81 00 01 00 00 00 00 00 00 38 1A 58 1A 7B 44 44 00 80 00 30 B0 97 61 56 74 04 EB 7C 67 64 0D 32 19 40 00 4C 49 C0 48 39 00 00 6C 06 10 F4 64
1785249752403,16:42:32.694,00 00 00 00 00 00 00 00 18 00 42 00 00 A2 EF 34 A7 2F 00 00 7F 81 00 01 00 00 00 00 00 00 38 1A 7A 1A 4F 44 44 00 80 00 30 B0 97 61 56 5E 04 F3 73 67 64 0D 32 19 40 00 4C 49 C0 48 39 00 00 6C 06 10 F4 64
1785249752804,16:42:33.107,00 00 00 00 00 00 00 00 18 00 42 00 00 A2 EF 34 A7 2F 00 00 7F 81 00 01 00 00 00 00 00 00 38 1A 92 1A 9D 44 44 00 80 00 30 B0 97 61 56 68 04 DD 7A 67 64 0D 32 19 40 00 4C 49 C0 48 39 00 00 6C 05 10 F4 64
1785249753205,16:42:33.479,00 00 00 00 00 00 00 00 18 00 42 00 00 A2 EF 34 A7 2F 00 00 7F 81 00 01 00 00 00 00 00 00 38 1A A2 1A A0 44 44 00 80 00 30 B0 97 61 56 71 04 E8 7E 67 64 0D 32 19 40 00 4C 49 C0 48 39 00 00 6C 05 10 F4 64
1785249753606,16:42:33.900,00 00 00 00 00 00 00 00 18 00 42 00 00 A2 EF 34 A7 2F 00 00 7F 81 00 01 00 00 00 00 00 00 38 1A 95 1A 56 44 44 00 80 00 30 B0 97 61 56 68 04 F1 73 67 64 0D 32 19 40 00 4C 49 C0 48 39 00 00 6C 05 10 F4 64
1785249754007,16:42:34.303,00 00 00 00 00 00 00 00 18 00 42 00 00 A2 EF 34 A7 2F 00 00 7F 81 00 01 00 00 00 00 00 00 38 1A 74 1A BF 44 44 00 80 00 30 B0 97 61 56 63 04 D4 79 67 64 0D 32 19 40 00 4C 49 C0 48 39 00 00 6C 05 10 F4 64
1785249754409,16:42:34.723,00 00 00 00 00 00 00 00 18 00 42 00 00 A2 EF 34 A7 2F 00 00 7F 81 00 01 00 00 00 00 00 00 38 1A 98 1A C4 44 44 00 80 00 30 B0 97 61 56 53 04 E6 7B 67 64 0D 32 19 40 00 4C 49 C0 48 39 00 00 6C 05 10 F4 64
1785249754809,16:42:35.098,00 00 00 00 00 00 00 00 18 00 42 00 00 A2 EF 34 A7 2F 00 00 7F 81 00 01 00 00 00 00 00 00 38 1A 80 1A 73 44 44 00 80 00 30 B0 97 61 56 48 04 F0 74 67 64 0D 32 19 40 00 4C 49 C0 48 39 00 00 6C 06 10 F4 64
1785249755210,16:42:35.508,00 00 00 00 00 00 00 00 18 00 42 00 00 A2 EF 34 A7 2F 00 00 7F 81 00 01 00 00 00 00 00 00 38 1A 95 1A 8E 44 44 00 80 00 30 B0 97 61 56 6C 04 E2 7A 67 64 0D 32 19 40 00 4C 49 C0 48 39 00 00 6C 05 10 F4 64
1785249755611,16:42:35.906,00 00 00 00 00 00 00 00 18 00 42 00 00 A2 EF 34 A7 2F 00 00 7F 81 00 01 00 00 00 00 00 00 38 1A 74 1A 7C 44 44 00 80 00 30 B0 97 61 56 6E 04 F9 7C 67 64 0D 32 19 40 00 4C 49 C0 48 39 00 00 6C 06 10 F4 64
1785249756012,16:42:36.308,00 00 00 00 00 00 00 00 18 00 42 00 00 A2 EF 34 A7 2F 00 00 7F 81 00 01 00 00 00 00 00 00 38 1A 98 1A 59 44 44 00 80 00 30 B0 97 61 56 58 04 F0 74 67 64 0D 32 19 40 00 4C 49 C0 48 39 00 00 6C 06 10 F4 64
1785249756413,16:42:36.709,00 00 00 00 00 00 00 00 18 00 42 00 00 A2 EF 34 A7 2F 00 00 7F 81 00 01 00 00 00 00 00 00 38 1A 80 1A 76 44 44 00 80 00 2F B0 97 62 56 71 04 E1 79 67 64 0D 32 19 40 00 4C 49 C0 48 39 00 00 6C 05 10 F4 64
1785249756815,16:42:37.112,00 00 00 00 00 00 00 00 18 00 42 00 00 A2 EF 34 A7 2F 00 00 7F 81 00 01 00 00 00 00 00 00 38 1A 70 1A AD 44 44 00 80 00 2F B0 97 62 56 4E 04 ED 7F 67 64 0D 32 19 40 00 4C 49 C0 48 39 00 00 6C 05 10 F4 64
1785249757220,16:42:37.532,00 00 00 00 00 00 00 00 18 00 42 00 00 A2 EF 34 A7 2F 00 00 7F 81 00 01 00 00 00 00 00 00 38 1A 95 1A C8 44 44 00 80 00 2F B0 97 62 56 5C 04 F0 74 67 64 0D 32 19 40 00 4C 49 C0 48 39 00 00 6C 05 10 F4 64
1785249757622,16:42:37.895,00 00 00 00 00 00 00 00 18 00 42 00 00 A2 EF 34 A7 2F 00 00 7F 81 00 01 00 00 00 00 00 00 38 1A A5 1A 79 44 44 00 80 00 2F B0 97 62 56 70 04 D3 79 66 64 0D 32 19 40 00 4C 49 C0 48 39 00 00 6C 06 10 F4 64
1785249758023,16:42:38.308,00 00 00 00 00 00 00 00 18 00 42 00 00 A2 EF 34 A7 2F 00 00 7F 81 00 01 00 00 00 00 00 00 38 1A 77 1A 9E 44 44 00 80 00 30 B0 97 62 56 44 04 E3 7F 67 64 0D 32 19 40 00 4C 49 C0 48 39 00 00 6C 05 10 F4 64
1785249758425,16:42:38.716,00 00 00 00 00 00 00 00 18 00 42 00 00 A2 EF 34 A7 2F 00 00 7F 81 00 01 00 00 00 00 00 00 38 1A 8C 1A 87 44 44 00 80 00 2F B0 97 62 56 69 04 DB 75 67 64 0D 32 19 40 00 4C 49 C0 48 39 00 00 6C 05 10 F4 64
1785249758826,16:42:39.121,00 00 00 00 00 00 00 00 18 00 42 00 00 A2 EF 34 A7 2F 00 00 7F 81 00 01 00 00 00 00 00 00 38 1A AE 1A 62 44 44 00 80 00 2F B0 97 62 56 61 04 EF 78 67 64 0D 32 19 40 00 4C 49 C0 48 39 00 00 6C 05 10 F4 64
1785249759228,16:42:39.524,00 00 00 00 00 00 00 00 18 00 42 00 00 A2 EF 34 A7 2F 00 00 7F 81 00 01 00 00 00 00 00 00 38 1A 52 1A 96 44 44 00 80 00 2F B0 97 62 56 5E 04 E2 7F 67 64 0D 32 19 40 00 4C 49 C0 48 39 00 00 6C 05 10 F4 64
1785249759629,16:42:39.929,00 00 00 00 00 00 00 00 18 00 42 00 00 A2 EF 34 A7 2F 00 00 7F 81 00 01 00 00 00 00 00 00 38 1A 86 1A AA 44 44 00 80 00 2F B0 97 62 56 6E 04 F5 77 67 64 0D 32 19 40 00 4C 49 C0 48 39 00 00 6C 06 10 F4 64
1785249760029,16:42:40.305,00 00 00 00 00 00 00 00 18 00 42 00 00 A2 EF 34 A7 2F 00 00 7F 81 00 01 00 00 00 00 00 00 38 1A B1 1A 93 44 44 00 80 00 2F B0 97 62 56 59 04 F4 77 67 64 0D 32 19 40 00 4C 49 C0 48 39 00 00 6C 05 10 F4 64
1785249760430,16:42:40.736,00 00 00 00 00 00 00 00 18 00 42 00 00 A2 EF 34 A7 2F 00 00 7F 81 00 01 00 00 00 00 00 00 38 1A 77 1A 6E 44 44 00 80 00 2F B0 97 62 56 72 04 EB 7E 67 64 0D 32 19 40 00 4C 49 C0 48 39 00 00 6C 06 10 F4 64
1785249760830,16:42:41.109,00 00 00 00 00 00 00 00 18 00 42 00 00 A2 EF 34 A7 2F 00 00 7F 81 00 01 00 00 00 00 00 00 38 1A 98 1A 9D 44 44 00 80 00 2F B0 97 62 56 64 04 EF 79 67 64 0D 32 19 40 00 4C 49 C0 48 39 00 00 6C 05 10 F4 64
1785249761244,16:42:41.517,00 00 00 00 00 00 00 00 18 00 42 00 00 A2 EF 34 A7 2F 00 00 7F 81 00 01 00 00 00 00 00 00 38 1A 95 1A 92 44 44 00 80 00 2F B0 97 62 56 6C 04 D9 78 67 64 0D 32 19 40 00 4C 49 C0 48 39 00 00 6C 06 10 F4 64
1785249761646,16:42:41.940,00 00 00 00 00 00 00 00 18 00 42 00 00 A2 EF 34 A7 2F 00 00 7F 81 00 01 00 00 00 00 00 00 38 1A C1 1A AE 44 44 00 80 00 2F B0 97 62 56 71 04 EC 7F 67 64 0D 32 19 40 00 4C 49 C0 48 39 00 00 6C 05 10 F4 64
1785249762046,16:42:42.362,00 00 00 00 00 00 00 00 18 00 42 00 00 A2 EF 34 A7 2F 00 00 7F 81 00 01 00 00 00 00 00 00 38 1A 8C 1A BA 44 44 00 80 00 2F B0 96 62 56 3F 04 E8 75 67 64 0D 32 19 40 00 4C 49 C0 48 39 00 00 6C 05 10 F4 64
1785249762449,16:42:42.734,00 00 00 00 00 00 00 00 18 00 42 00 00 A2 EF 34 A7 2F 00 00 7F 81 00 01 00 00 00 00 00 00 38 1A 8C 1A 91 44 44 00 80 00 2F B0 96 62 56 72 04 EA 77 66 64 0D 32 19 40 00 4C 49 C0 48 39 00 00 6C 05 10 F4 64
1785249762850,16:42:43.140,00 00 00 00 00 00 00 00 18 00 42 00 00 A2 EF 34 A7 2F 00 00 7F 81 00 01 00 00 00 00 00 00 38 1A 9B 1A 7B 44 44 00 80 00 2F B0 96 62 56 5D 04 FB 7F 67 64 0D 32 19 40 00 4C 49 C0 48 39 00 00 6C 06 10 F4 64
1785249763252,16:42:43.527,00 00 00 00 00 00 00 00 18 00 42 00 00 A2 EF 34 A7 2F 00 00 7F 81 00 01 00 00 00 00 00 00 38 1A 95 1A 9B 44 44 00 80 00 2F B0 96 62 56 68 04 DD 75 67 64 0D 32 19 40 00 4C 49 C0 48 39 00 00 6C 05 10 F4 64
1785249763653,16:42:43.954,00 00 00 00 00 00 00 00 18 00 42 00 00 A2 EF 34 A7 2F 00 00 7F 81 00 01 00 00 00 00 00 00 38 1A 9B 1A AA 44 44 00 80 00 2F B0 96 62 56 67 04 F7 77 66 64 0D 32 19 40 00 4C 49 C0 48 39 00 00 6C 05 10 F4 64
1785249764054,16:42:44.333,00 00 00 00 00 00 00 00 18 00 42 00 00 A2 EF 34 A7 2F 00 00 7F 81 00 01 00 00 00 00 00 00 38 1A D0 1A 8B 44 44 00 80 00 2F B0 96 62 56 47 04 E5 7E 67 64 0D 32 19 40 00 4C 49 C0 48 39 00 00 6C 05 10 F4 64
1785249764457,16:42:44.757,00 00 00 00 00 00 00 00 18 00 42 00 00 A2 EF 34 A7 2F 00 00 7F 81 00 01 00 00 00 00 00 00 38 1A B1 1A AD 44 44 00 80 00 2F B0 96 62 56 72 04 D9 7A 67 64 0D 32 19 40 00 4C 49 C0 48 39 00 00 6C 05 10 F4 64
1785249764858,16:42:45.128,00 00 00 00 00 00 00 00 18 00 42 00 00 A2 EF 34 A7 2F 00 00 7F 81 00 01 00 00 00 00 00 00 38 1A 9F 1A BA 44 44 00 80 00 2F B0 96 62 56 72 04 EB 75 67 64 0D 32 19 40 00 4C 49 C0 48 39 00 00 6C 05 10 F4 64
1785249765258,16:42:45.572,00 00 00 00 00 00 00 00 18 00 42 00 00 A2 EF 34 A7 2F 00 00 7F 81 00 01 00 00 00 00 00 00 38 1A 77 1A 61 44 44 00 80 00 2F B0 96 62 56 4C 04 D7 7B 67 64 0D 32 19 40 00 4C 49 C0 48 39 00 00 6C 06 10 F4 64
1785249765659,16:42:45.959,00 00 00 00 00 00 00 00 18 00 42 00 00 A2 EF 34 A7 2F 00 00 7F 81 00 01 00 00 00 00 00 00 38 1A 92 1A 89 44 44 00 80 00 2F B0 96 62 56 72 04 DA 7A 67 64 0D 32 19 40 00 4C 49 C0 48 39 00 00 6C 05 10 F4 64
1785249766059,16:42:46.363,00 00 00 00 00 00 00 00 18 00 42 00 00 A2 EF 34 A7 2F 00 00 7F 81 00 01 00 00 00 00 00 00 38 1A 80 1A 9C 44 44 00 80 00 2F B0 96 62 56 4C 04 EA 74 67 64 0D 32 19 40 00 4C 49 C0 48 39 00 00 6C 05 10 F4 64
1785249766460,16:42:46.747,00 00 00 00 00 00 00 00 18 00 42 00 00 A2 EF 34 A7 2F 00 00 7F 81 00 01 00 00 00 00 00 00 38 1A 89 1A 88 44 44 00 80 00 2F B0 96 62 56 5D 04 E4 7A 67 64 0D 32 19 40 00 4C 49 C0 48 39 00 00 6C 05 10 F4 64
1785249766861,16:42:47.138,00 00 00 00 00 00 00 00 18 00 42 00 00 A2 EF 34 A7 2F 00 00 7F 81 00 01 00 00 00 00 00 00 38 1A 92 1A 78 44 44 00 80 00 2F B0 96 62 56 76 04 EE 7C 67 64 0D 32 19 40 00 4C 49 C0 48 39 00 00 6C 05 10 F4 64
1785249767263,16:42:47.542,00 00 00 00 00 00 00 00 18 00 42 00 00 A2 EF 34 A7 2F 00 00 7F 81 00 01 00 00 00 00 00 00 38 1A 6D 1A A9 44 44 00 80 00 2F B0 96 62 56 3A 04 EB 74 67 64 0D 32 19 40 00 4C 49 C0 48 39 00 00 6C 05 10 F4 64
1785249767664,16:42:47.941,00 00 00 00 00 00 00 00 18 00 42 00 00 A2 EF 34 A7 2F 00 00 7F 81 00 01 00 00 00 00 00 00 38 1A B4 1A A8 44 44 00 80 00 2F B0 96 62 56 65 04 DA 78 67 64 0D 32 19 40 00 4C 49 C0 49 39 00 00 6C 05 10 F4 64
1785249768066,16:42:48.368,00 00 00 00 00 00 00 00 18 00 42 00 00 A2 EF 34 A7 2F 00 00 7F 81 00 01 00 00 00 00 00 00 38 1A 9F 1A 9B 44 44 00 80 00 2F B0 96 62 56 75 04 DD 7F 67 64 0D 32 19 40 00 4C 49 C0 49 39 00 00 6C 05 10 F4 64
1785249768468,16:42:48.768,00 00 00 00 00 00 00 00 18 00 42 00 00 A2 EF 34 A7 2F 00 00 7F 81 00 01 00 00 00 00 00 00 38 1A 8F 1A A4 44 44 00 80 00 2F B0 96 62 56 44 04 DD 75 67 64 0D 32 19 40 00 4C 49 C0 48 39 00 00 6C 05 10 F4 64
1785249768869,16:42:49.164,00 00 00 00 00 00 00 00 18 00 42 00 00 A2 EF 34 A7 2F 00 00 7F 81 00 01 00 00 00 00 00 00 38 1A 5B 1A 56 44 44 00 80 00 2F B0 96 62 56 6D 04 DE 7B 67 64 0D 32 19 40 00 4C 49 C0 49 39 00 00 6C 06 10 F4 64
1785249769269,16:42:49.563,00 00 00 00 00 00 00 00 18 00 42 00 00 A2 EF 34 A7 2F 00 00 7F 81 00 01 00 00 00 00 00 00 38 1A 9F 1A 90 44 44 00 80 00 2F B0 96 62 56 73 04 E8 7E 67 64 0D 32 19 40 00 4C 49 C0 49 39 00 00 6C 05 10 F4 64
1785249769670,16:42:49.951,00 00 00 00 00 00 00 00 18 00 42 00 00 A2 EF 34 A7 2F 00 00 7F 81 00 01 00 00 00 00 00 00 38 1A 98 1A DF 44 44 00 80 00 2F B0 96 62 56 53 04 E5 73 67 64 0D 32 19 40 00 4C 49 C0 49 39 00 00 6C 05 11 F4 64
1785249770071,16:42:50.354,00 00 00 00 00 00 00 00 18 00 42 00 00 A2 EF 34 A7 2F 00 00 7F 81 00 01 00 00 00 00 00 00 38 1A 9F 1A A3 44 44 00 80 00 2F B0 96 62 56 71 04 F2 7A 67 64 0D 32 19 40 00 4C 49 C0 49 39 00 00 6C 06 10 F4 64
1785249770472,16:42:50.757,00 00 00 00 00 00 00 00 18 00 42 00 00 A2 EF 34 A7 2F 00 00 7F 81 00 01 00 00 00 00 00 00 38 1A 92 1A 85 44 44 00 80 00 2F B0 96 62 56 49 04 F5 7E 67 64 0D 32 19 40 00 4C 49 C0 49 39 00 00 6C 06 10 F4 64
1785249770873,16:42:51.154,00 00 00 00 00 00 00 00 18 00 42 00 00 A2 EF 34 A7 2F 00 00 7F 81 00 01 00 00 00 00 00 00 38 1A AB 1A AB 44 44 00 80 00 2F B0 96 62 56 68 04 E9 73 67 64 0D 32 19 40 00 4C 49 C0 49 39 00 00 6C 05 10 F4 64
1785249771274,16:42:51.551,00 00 00 00 00 00 00 00 18 00 42 00 00 A2 EF 34 A7 2F 00 00 7F 81 00 01 00 00 00 00 00 00 38 1A 95 1A 9E 44 44 00 80 00 2F B0 96 62 56 70 04 FA 7A 67 64 0D 32 19 40 00 4C 49 C0 49 39 00 00 6C 06 10 F4 64
1785249771675,16:42:51.949,00 00 00 00 00 00 00 00 18 00 42 00 00 A2 EF 34 A7 2F 00 00 7F 81 00 01 00 00 00 00 00 00 38 1A A5 1A 78 44 44 00 80 00 2F B0 96 62 56 4E 04 E0 7E 67 64 0D 32 19 40 00 4C 49 C0 49 3A 00 00 6C 05 10 F4 64
1785249772076,16:42:52.374,00 00 00 00 00 00 00 00 18 00 42 00 00 A2 EF 34 A7 2F 00 00 7F 81 00 01 00 00 00 00 00 00 38 1A BB 1A B5 44 44 00 80 00 2F B0 96 62 56 71 04 DC 73 67 64 0D 32 19 40 00 4C 49 C0 49 3A 00 00 6C 05 10 F4 64
1785249772484,16:42:52.782,00 00 00 00 00 00 00 00 18 00 42 00 00 A2 EF 34 A7 2F 00 00 7F 81 00 01 00 00 00 00 00 00 38 1A 8C 1A B9 44 44 00 80 00 2F B0 96 62 56 3C 04 EB 7A 67 64 0D 32 19 40 00 4C 49 C0 49 3A 00 00 6C 05 10 F4 64
1785249772885,16:42:53.168,00 00 00 00 00 00 00 00 18 00 42 00 00 A2 EF 34 A7 2F 00 00 7F 81 00 01 00 00 00 00 00 00 38 1A AB 1A 9A 44 44 00 80 00 2F B0 95 62 56 6B 04 DC 7D 67 64 0D 32 19 40 00 4C 49 C0 49 3A 00 00 6C 05 10 F4 64
1785249773286,16:42:53.566,00 00 00 00 00 00 00 00 18 00 42 00 00 A2 EF 34 A7 2F 00 00 7F 81 00 01 00 00 00 00 00 00 38 1A 86 1A 6E 44 44 00 80 00 2F B0 96 62 56 5A 04 EF 73 67 64 0D 32 19 40 00 4C 49 C0 49 3A 00 00 6C 06 10 F4 64
1785249773688,16:42:53.964,00 00 00 00 00 00 00 00 18 00 42 00 00 A2 EF 34 A7 2F 00 00 7F 81 00 01 00 00 00 00 00 00 38 1A 9F 1A A1 44 44 00 80 00 2F B0 95 62 56 5C 04 E4 7B 67 64 0D 32 19 40 00 4C 49 C0 49 3A 00 00 6C 05 10 F4 64
1785249774089,16:42:54.365,00 00 00 00 00 00 00 00 18 00 42 00 00 A2 EF 34 A7 2F 00 00 7F 81 00 01 00 00 00 00 00 00 38 1A 95 1A A0 44 44 00 80 00 2F B0 95 62 56 73 04 EC 7D 67 64 0D 32 19 40 00 4C 49 C0 49 3A 00 00 6C 05 10 F4 64
1785249774490,16:42:54.771,00 00 00 00 00 00 00 00 18 00 42 00 00 A2 EF 34 A7 2F 00 00 7F 81 00 01 00 00 00 00 00 00 38 1A B7 1A 86 44 44 00 80 00 2F B0 95 62 56 4A 04 F5 73 67 64 0D 32 19 40 00 4C 49 C0 49 3A 00 00 6C 06 10 F4 64
1785249774891,16:42:55.193,00 00 00 00 00 00 00 00 18 00 42 00 00 A2 EF 34 A7 2F 00 00 7F 81 00 01 00 00 00 00 00 00 38 1A A8 1A B3 44 44 00 80 00 2F B0 95 62 56 6A 04 E4 7A 67 64 0D 32 19 40 00 4C 49 C0 49 3A 00 00 6C 05 10 F4 64
1785249775293,16:42:55.577,00 00 00 00 00 00 00 00 18 00 42 00 00 A2 EF 34 A7 2F 00 00 7F 81 00 01 00 00 00 00 00 00 38 1A 8F 1A 95 44 44 00 80 00 2F B0 95 62 56 72 04 EC 7E 67 64 0D 32 19 40 00 4C 49 C0 49 3A 00 00 6C 05 10 F4 64
1785249775695,16:42:55.991,00 00 00 00 00 00 00 00 18 00 42 00 00 A2 EF 34 A7 2F 00 00 7F 81 00 01 00 00 00 00 00 00 38 1A 83 1A 7E 44 44 00 80 00 2F B0 95 62 56 44 04 EC 73 67 64 0D 32 19 40 00 4C 49 C0 49 3A 00 00 6C 06 10 F4 64
1785249776096,16:42:56.387,00 00 00 00 00 00 00 00 18 00 42 00 00 A2 EF 34 A7 2F 00 00 7F 81 00 01 00 00 00 00 00 00 38 1A 83 1A 83 44 44 00 80 00 2F B0 95 62 56 71 04 E4 7B 67 64 0D 32 19 40 00 4C 49 C0 49 3A 00 00 6C 05 10 F4 64
1785249776497,16:42:56.801,00 00 00 00 00 00 00 00 18 00 42 00 00 A2 EF 34 A7 2F 00 00 7F 81 00 01 00 00 00 00 00 00 38 1A 74 1A 86 44 44 00 80 00 2F B0 95 62 56 4C 04 FC 7A 67 64 0D 32 19 40 00 4C 49 C0 49 3A 00 00 6C 05 10 F4 64
1785249776900,16:42:57.204,00 00 00 00 00 00 00 00 18 00 42 00 00 A2 EF 34 A7 2F 00 00 7F 81 00 01 00 00 00 00 00 00 38 1A 70 1A 6B 44 44 00 80 00 2F B0 95 62 56 6C 04 F1 74 67 64 0D 32 19 40 00 4C 49 C0 49 3A 00 00 6C 06 10 F4 64
1785249777303,16:42:57.605,00 00 00 00 00 00 00 00 18 00 42 00 00 A2 EF 34 A7 2F 00 00 7F 81 00 01 00 00 00 00 00 00 38 1A BB 1A A1 44 44 00 80 00 2F B0 95 62 56 73 04 F8 7A 67 64 0D 32 19 40 00 4C 49 C0 49 3A 00 00 6C 05 10 F4 64
1785249777704,16:42:58.016,00 00 00 00 00 00 00 00 18 00 42 00 00 A2 EF 34 A7 2F 00 00 7F 81 00 01 00 00 00 00 00 00 38 1A E0 1A D9 44 44 00 80 00 2F B0 95 62 56 64 04 E7 7C 67 64 0D 32 19 40 00 4C 49 C0 49 3A 00 00 6C 05 11 F4 64
1785249778106,16:42:58.396,00 00 00 00 00 00 00 00 18 00 42 00 00 A2 EF 34 A7 2F 00 00 7F 81 00 01 00 00 00 00 00 00 38 1A 61 1A 67 44 44 00 80 00 2F B0 95 62 56 68 04 F4 74 67 64 0D 32 19 40 00 4C 49 C0 49 3A 00 00 6C 06 10 F4 64
1785249778506,16:42:58.778,00 00 00 00 00 00 00 00 18 00 42 00 00 A2 EF 34 A7 2F 00 00 7F 81 00 01 00 00 00 00 00 00 38 1A 7A 1A 6B 44 44 00 80 00 2F B0 95 62 56 77 04 F8 7A 66 64 0D 32 19 40 00 4C 49 C0 49 3A 00 00 6C 06 10 F4 64
1785249778907,16:42:59.190,00 00 00 00 00 00 00 00 18 00 42 00 00 A2 EF 34 A7 2F 00 00 7F 81 00 01 00 00 00 00 00 00 38 1A 86 1A 97 44 44 00 80 00 2F B0 95 62 56 3B 04 EA 7F 67 64 0D 32 19 40 00 4C 49 C0 49 3A 00 00 6C 05 10 F4 64
1785249779309,16:42:59.597,00 00 00 00 00 00 00 00 18 00 42 00 00 A2 EF 34 A7 2F 00 00 7F 81 00 01 00 00 00 00 00 00 38 1A 8C 1A 8D 44 44 00 80 00 2F B0 95 62 56 71 04 ED 75 67 64 0D 32 19 40 00 4C 49 C0 49 3A 00 00 6C 05 10 F4 64
1785249779710,16:42:59.993,00 00 00 00 00 00 00 00 18 00 42 00 00 A2 EF 34 A7 2F 00 00 7F 81 00 01 00 00 00 00 00 00 38 1A 95 1A 1F 44 44 00 80 00 2F B0 95 62 56 67 04 F0 77 66 64 0D 32 19 40 00 4C 49 C0 49 3A 00 00 6C 06 10 F4 64
1785249780111,16:43:00.421,00 00 00 00 00 00 00 00 18 00 42 00 00 A2 EF 34 A7 2F 00 00 7F 81 00 01 00 00 00 00 00 00 38 1A 7A 1A B7 44 44 00 80 00 2F B0 95 62 56 43 04 E0 7E 67 64 0D 32 19 40 00 4C 49 C0 49 3A 00 00 6C 05 10 F4 64
1785249780512,16:43:00.807,00 00 00 00 00 00 00 00 18 00 42 00 00 A2 EF 34 A7 2F 00 00 7F 81 00 01 00 00 00 00 00 00 38 1A 52 1A 5B 44 44 00 80 00 2F B0 95 62 56 6C 04 E2 78 67 64 0D 32 19 40 00 4C 49 C0 49 3A 00 00 6C 06 10 F4 64
1785249780912,16:43:01.200,00 00 00 00 00 00 00 00 18 00 42 00 00 A2 EF 34 A7 2F 00 00 7F 81 00 01 00 00 00 00 00 00 38 1A BB 1A 94 44 44 00 80 00 2F B0 95 62 56 4D 04 E8 75 67 64 0D 32 19 40 00 4C 49 C0 49 3A 00 00 6C 05 10 F4 64
1785249781314,16:43:01.588,00 00 00 00 00 00 00 00 18 00 42 00 00 A2 EF 34 A7 2F 00 00 7F 81 00 01 00 00 00 00 00 00 38 1A 74 1A 97 44 44 00 80 00 2F B0 95 62 56 4C 04 E1 7C 67 64 0D 32 19 40 00 4C 49 C0 49 3A 00 00 6C 05 10 F4 64
1785249781714,16:43:02.001,00 00 00 00 00 00 00 00 18 00 42 00 00 A2 EF 34 A7 2F 00 00 7F 81 00 01 00 00 00 00 00 00 38 1A 77 1A 77 44 44 00 80 00 2F B0 95 62 56 72 04 E7 79 67 64 0D 32 19 40 00 4C 49 C0 49 3A 00 00 6C 06 10 F4 64
1785249782116,16:43:02.392,00 00 00 00 00 00 00 00 18 00 42 00 00 A2 EF 34 A7 2F 00 00 7F 81 00 01 00 00 00 00 00 00 38 1A 98 1A 6F 44 44 00 80 00 2F B0 95 64 56 4D 04 F0 75 67 64 0D 32 19 40 00 4C 49 C0 49 3A 00 00 6C 05 10 F4 64
1785249782517,16:43:02.813,00 00 00 00 00 00 00 00 18 00 42 00 00 A2 EF 34 A7 2F 00 00 7F 81 00 01 00 00 00 00 00 00 38 1A B1 1A B4 44 44 00 80 00 2F B0 95 64 56 61 04 D9 7B 67 64 0D 32 19 40 00 4C 49 C0 49 3A 00 00 6C 05 10 F4 64
1785249782918,16:43:03.199,00 00 00 00 00 00 00 00 18 00 42 00 00 A2 EF 34 A7 2F 00 00 7F 81 00 01 00 00 00 00 00 00 38 1A 80 1A A2 44 44 00 80 00 2F B0 94 64 56 6E 04 EA 7C 67 64 0D 32 19 40 00 4C 49 C0 49 3A 00 00 6C 05 10 F4 64
1785249783321,16:43:03.616,00 00 00 00 00 00 00 00 18 00 42 00 00 A2 EF 34 A7 2F 00 00 7F 81 00 01 00 00 00 00 00 00 38 1A 98 1A 7F 44 44 00 80 00 2F B0 95 64 56 48 04 E6 74 67 64 0D 32 19 40 00 4C 49 C0 49 3A 00 00 6C 06 10 F4 64
1785249783722,16:43:04.017,00 00 00 00 00 00 00 00 18 00 42 00 00 A2 EF 34 A7 2F 00 00 7F 81 00 01 00 00 00 00 00 00 38 1A 9B 1A 99 44 44 00 80 00 2F B0 94 64 56 6C 04 DE 7B 67 64 0D 32 19 40 00 4C 49 C0 49 3A 00 00 6C 05 10 F4 64
1785249784123,16:43:04.423,00 00 00 00 00 00 00 00 18 00 42 00 00 A2 EF 34 A7 2F 00 00 7F 81 00 01 00 00 00 00 00 00 38 1A 92 1A A4 44 44 00 80 00 2F B0 94 64 56 5B 04 F8 77 67 64 0D 32 19 40 00 4C 49 C0 49 3A 00 00 6C 05 10 F4 64
1785249784524,16:43:04.817,00 00 00 00 00 00 00 00 18 00 42 00 00 A2 EF 34 A7 2F 00 00 7F 81 00 01 00 00 00 00 00 00 38 1A 9B 1A 66 44 44 00 80 00 2F B0 94 64 56 4F 04 E4 75 67 64 0D 32 19 40 00 4C 49 C0 4A 3A 00 00 6C 06 10 F4 64
1785249784926,16:43:05.224,00 00 00 00 00 00 00 00 18 00 42 00 00 A2 EF 34 A7 2F 00 00 7F 81 00 01 00 00 00 00 00 00 38 1A 80 1A 79 44 44 00 80 00 2F B0 94 64 56 75 04 E4 7B 67 64 0D 32 19 40 00 4C 49 C0 49 3A 00 00 6C 06 10 F4 64
1785249785327,16:43:05.635,00 00 00 00 00 00 00 00 18 00 42 00 00 A2 EF 34 A7 2F 00 00 7F 81 00 01 00 00 00 00 00 00 38 1A A8 1A CB 44 44 00 80 00 2F B0 94 64 56 4C 04 F6 7A 67 64 0D 32 19 40 00 4C 49 C0 49 3A 00 00 6C 05 10 F4 64
1785249785735,16:43:06.041,00 00 00 00 00 00 00 00 18 00 42 00 00 A2 EF 34 A7 2F 00 00 7F 81 00 01 00 00 00 00 00 00 38 1A 8C 1A 93 44 44 00 80 00 2F B0 94 64 56 73 04 F1 75 67 64 0D 32 19 40 00 4C 49 C0 4A 3A 00 00 6C 05 10 F4 64
1785249786136,16:43:06.432,00 00 00 00 00 00 00 00 18 00 42 00 00 A2 EF 34 A7 2F 00 00 7F 81 00 01 00 00 00 00 00 00 38 1A 89 1A 6E 44 44 00 80 00 2F B0 94 64 56 5D 04 EA 7B 67 64 0D 32 19 40 00 4C 49 C0 49 3A 00 00 6C 06 10 F4 64
1785249786538,16:43:06.835,00 00 00 00 00 00 00 00 18 00 42 00 00 A2 EF 34 A7 2F 00 00 7F 81 00 01 00 00 00 00 00 00 38 1A A2 1A 98 44 44 00 80 00 2F B0 94 64 56 69 04 E1 7A 67 64 0D 32 19 40 00 4C 49 C0 4A 3A 00 00 6C 05 10 F4 64
1785249786940,16:43:07.238,00 00 00 00 00 00 00 00 18 00 42 00 00 A2 EF 34 A7 2F 00 00 7F 81 00 01 00 00 00 00 00 00 38 1A 9B 1A A5 44 44 00 80 00 2F B0 94 64 56 73 04 F0 75 67 64 0D 32 19 40 00 4C 49 C0 4A 3A 00 00 6C 05 10 F4 64
1785249787340,16:43:07.634,00 00 00 00 00 00 00 00 18 00 42 00 00 A2 EF 34 A7 2F 00 00 7F 81 00 01 00 00 00 00 00 00 38 1A EA 1A A3 44 44 00 80 00 2F B0 94 64 56 5B 04 EA 7A 67 64 0D 32 19 40 00 4C 49 C0 4A 3A 00 00 6C 05 10 F4 64
1785249787749,16:43:08.053,00 00 00 00 00 00 00 00 18 00 42 00 00 A2 EF 34 A7 2F 00 00 7F 81 00 01 00 00 00 00 00 00 38 1A D4 1A B3 44 44 00 80 00 2F B0 94 64 56 75 04 EC 7D 67 64 0D 32 19 40 00 4C 49 C0 4A 3A 00 00 6C 05 11 F4 64
1785249788153,16:43:08.454,00 00 00 00 00 00 00 00 18 00 42 00 00 A2 EF 34 A7 2F 00 00 7F 81 00 01 00 00 00 00 00 00 38 1A 6D 1A AF 44 44 00 80 00 2F B0 94 64 56 4E 04 D6 75 67 64 0D 32 19 40 00 4C 49 C0 4A 3A 00 00 6C 05 10 F4 64
1785249788554,16:43:08.859,00 00 00 00 00 00 00 00 18 00 42 00 00 A2 EF 34 A7 2F 00 00 7F 81 00 01 00 00 00 00 00 00 38 1A 8F 1A 96 44 44 00 80 00 2F B0 94 64 56 72 04 E5 7E 67 64 0D 32 19 40 00 4C 49 C0 4A 3A 00 00 6C 05 10 F4 64
1785249788959,16:43:09.235,00 00 00 00 00 00 00 00 18 00 42 00 00 A2 EF 34 A7 2F 00 00 7F 81 00 01 00 00 00 00 00 00 38 1A 98 1A 58 44 44 00 80 00 2F B0 94 64 56 4A 04 F1 78 67 64 0D 32 19 40 00 4C 49 C0 4A 3A 00 00 6C 06 10 F4 64
1785249789376,16:43:09.665,00 00 00 00 00 00 00 00 18 00 42 00 00 A2 EF 34 A7 2F 00 00 7F 81 00 01 00 00 00 00 00 00 38 1A 92 1A 8C 44 44 00 80 00 2F B0 94 64 56 73 04 F5 74 66 64 0D 32 19 40 00 4C 49 C0 4A 3A 00 00 6C 05 10 F4 64
1785249789777,16:43:10.071,00 00 00 00 00 00 00 00 18 00 42 00 00 A2 EF 34 A7 2F 00 00 7F 81 00 01 00 00 00 00 00 00 38 1A 70 1A 87 44 44 00 80 00 2F B0 94 64 56 3F 04 E6 7C 67 64 0D 32 19 40 00 4C 49 C0 4A 3A 00 00 6C 05 10 F4 64
1785249790180,16:43:10.465,00 00 00 00 00 00 00 00 18 00 42 00 00 A2 EF 34 A7 2F 00 00 7F 81 00 01 00 00 00 00 00 00 38 1A 4C 1A 4A 44 44 00 80 00 2F B0 94 64 56 6F 04 E6 7C 67 64 0D 32 19 40 00 4C 49 C0 4A 3A 00 00 6C 06 10 F4 64
1785249790582,16:43:10.880,00 00 00 00 00 00 00 00 18 00 42 00 00 A2 EF 34 A7 2F 00 00 7F 81 00 01 00 00 00 00 00 00 38 1A AB 1A 64 44 44 00 80 00 2F B0 94 64 56 60 04 F0 73 67 64 0D 32 19 40 00 4C 49 C0 4A 3A 00 00 6C 06 10 F4 64
1785249790983,16:43:11.258,00 00 00 00 00 00 00 00 18 00 42 00 00 A2 EF 34 A7 2F 00 00 7F 81 00 01 00 00 00 00 00 00 38 1A 25 1A 8A 44 44 00 80 00 2F B0 94 64 56 43 04 D8 79 66 64 0D 32 19 40 00 4C 49 C0 4A 3B 00 00 6C 06 10 F4 64
1785249791384,16:43:11.678,00 00 00 00 00 00 00 00 18 00 42 00 00 A2 EF 34 A7 2F 00 00 7F 81 00 01 00 00 00 00 00 00 38 1A 95 1A 96 44 44 00 80 00 2F B0 94 64 56 70 04 EF 7E 67 64 0D 32 19 40 00 4C 49 C0 4A 3A 00 00 6C 06 10 F4 64
1785249791786,16:43:12.093,00 00 00 00 00 00 00 00 18 00 42 00 00 A2 EF 34 A7 2F 00 00 7F 81 00 01 00 00 00 00 00 00 38 1A C1 1A 7E 44 44 00 80 00 2F B0 94 64 56 64 04 E6 75 66 64 0D 32 19 40 00 4C 49 C0 4A 3B 00 00 6C 06 10 F4 64
1785249792187,16:43:12.461,00 00 00 00 00 00 00 00 18 00 42 00 00 A2 EF 34 A7 2F 00 00 7F 81 00 01 00 00 00 00 00 00 38 1A 95 1A B5 44 44 00 80 00 2F B0 94 64 56 63 04 DC 78 66 64 0D 32 19 40 00 4C 49 C0 4A 3B 00 00 6C 05 10 F4 64
1785249792588,16:43:12.869,00 00 00 00 00 00 00 00 18 00 42 00 00 A2 EF 34 A7 2F 00 00 7F 81 00 01 00 00 00 00 00 00 38 1A 7A 1A 7F 44 44 00 80 00 2F B0 94 64 56 74 04 E9 7E 67 64 0D 32 19 40 00 4C 49 C0 4A 3B 00 00 6C 06 10 F4 64
1785249792989,16:43:13.270,00 00 00 00 00 00 00 00 18 00 42 00 00 A2 EF 34 A7 2F 00 00 7F 81 00 01 00 00 00 00 00 00 38 1A 98 1A 42 44 44 00 80 00 2F B0 94 64 56 48 04 E6 74 67 64 0D 32 19 40 00 4C 49 C0 4A 3B 00 00 6C 06 10 F4 64
1785249793391,16:43:13.678,00 00 00 00 00 00 00 00 18 00 42 00 00 A2 EF 34 A7 2F 00 00 7F 81 00 01 00 00 00 00 00 00 38 1A F3 1A EF 44 44 00 80 00 2F B0 94 64 56 74 04 E8 7A 67 64 0D 32 19 40 00 4C 49 C0 4A 3B 00 00 6C 05 11 F4 64
1785249793792,16:43:14.067,00 00 00 00 00 00 00 00 18 00 42 00 00 A2 EF 34 A7 2F 00 00 7F 81 00 01 00 00 00 00 00 00 38 1A 89 1A A2 44 44 00 80 00 2F B0 94 64 56 5F 04 F9 7E 67 64 0D 32 19 40 00 4C 49 C0 4A 3B 00 00 6C 05 10 F4 64
1785249794194,16:43:14.486,00 00 00 00 00 00 00 00 18 00 42 00 00 A2 EF 34 A7 2F 00 00 7F 81 00 01 00 00 00 00 00 00 38 1A 98 1A AB 44 44 00 80 00 2F B0 94 64 56 75 04 E9 74 67 64 0D 32 19 40 00 4C 49 C0 4A 3B 00 00 6C 05 10 F4 64
1785249794596,16:43:14.875,00 00 00 00 00 00 00 00 18 00 42 00 00 A2 EF 34 A7 2F 00 00 7F 81 00 01 00 00 00 00 00 00 38 1A 95 1A 78 44 44 00 80 00 2F B0 93 64 56 76 04 E7 7A 66 64 0D 32 19 40 00 4C 49 C0 4A 3B 00 00 6C 05 10 F4 64
1785249794999,16:43:15.284,00 00 00 00 00 00 00 00 18 00 42 00 00 A2 EF 34 A7 2F 00 00 7F 81 00 01 00 00 00 00 00 00 38 1A 8F 1A A5 44 44 00 80 00 2F B0 93 64 56 49 04 EB 7F 67 64 0D 32 19 40 00 4C 49 C0 4A 3B 00 00 6C 05 10 F4 64
1785249795400,16:43:15.698,00 00 00 00 00 00 00 00 18 00 42 00 00 A2 EF 34 A7 2F 00 00 7F 81 00 01 00 00 00 00 00 00 38 1A 77 1A 6F 44 44 00 80 00 2F B0 93 64 56 6A 04 E7 75 67 64 0D 32 19 40 00 4C 49 C0 4A 3B 00 00 6C 06 10 F4 64
1785249795801,16:43:16.098,00 00 00 00 00 00 00 00 18 00 42 00 00 A2 EF 34 A7 2F 00 00 7F 81 00 01 00 00 00 00 00 00 38 1A 9F 1A 7F 44 44 00 80 00 2F B0 93 64 56 74 04 EF 78 66 64 0D 32 19 40 00 4C 49 C0 4A 3B 00 00 6C 06 10 F4 64
1785249796202,16:43:16.477,00 00 00 00 00 00 00 00 18 00 42 00 00 A2 EF 34 A7 2F 00 00 7F 81 00 01 00 00 00 00 00 00 38 1A 83 1A B9 44 44 00 80 00 2F B0 93 64 56 3A 04 F5 7F 67 64 0D 32 19 40 00 4C 49 C0 4A 3B 00 00 6C 05 10 F4 64
1785249796603,16:43:16.900,00 00 00 00 00 00 00 00 18 00 42 00 00 A2 EF 34 A7 2F 00 00 7F 81 00 01 00 00 00 00 00 00 38 1A 8F 1A 97 44 44 00 80 00 2F B0 93 64 56 70 04 E4 75 67 64 0D 32 19 40 00 4C 49 C0 4A 3B 00 00 6C 06 10 F4 64
1785249797004,16:43:17.289,00 00 00 00 00 00 00 00 18 00 42 00 00 A2 EF 34 A7 2F 00 00 7F 81 00 01 00 00 00 00 00 00 38 1A 80 1A 60 44 44 00 80 00 2F B0 93 64 56 6B 04 F0 77 66 64 0D 32 19 40 00 4C 49 C0 4A 3B 00 00 6C 06 10 F4 64
1785249797405,16:43:17.703,00 00 00 00 00 00 00 00 18 00 42 00 00 A2 EF 34 A7 2F 00 00 7F 81 00 01 00 00 00 00 00 00 38 1A AB 1A D1 44 44 00 80 00 2F B0 93 64 56 5C 04 D8 7E 67 64 0D 32 19 40 00 4C 49 C0 4A 3B 00 00 6C 05 10 F4 64
1785249797806,16:43:18.102,00 00 00 00 00 00 00 00 18 00 42 00 00 A2 EF 34 A7 2F 00 00 7F 81 00 01 00 00 00 00 00 00 38 1A A8 1A AC 44 44 00 80 00 2F B0 93 64 56 75 04 EC 76 67 64 0D 32 19 40 00 4C 49 C0 4A 3B 00 00 6C 05 10 F4 64
1785249798207,16:43:18.481,00 00 00 00 00 00 00 00 18 00 42 00 00 A2 EF 34 A7 2F 00 00 7F 81 00 01 00 00 00 00 00 00 38 1A 7D 1A 69 44 44 00 80 00 2F B0 93 64 56 56 04 F4 76 66 64 0D 32 19 40 00 4C 49 C0 4A 3B 00 00 6C 06 10 F4 64
1785249798607,16:43:18.912,00 00 00 00 00 00 00 00 18 00 42 00 00 A2 EF 34 A7 2F 00 00 7F 81 00 01 00 00 00 00 00 00 38 1A 6D 1A AA 44 44 00 80 00 2F B0 93 64 56 58 04 E2 7E 67 64 0D 32 19 40 00 4C 49 C0 4A 3B 00 00 6C 05 10 F4 64
1785249799008,16:43:19.297,00 00 00 00 00 00 00 00 18 00 42 00 00 A2 EF 34 A7 2F 00 00 7F 81 00 01 00 00 00 00 00 00 38 1A 6D 1A 72 44 44 00 80 00 2F B0 93 64 56 72 04 E5 78 67 64 0D 32 19 40 00 4C 49 C0 4A 3B 00 00 6C 06 10 F4 64
1785249799409,16:43:19.705,00 00 00 00 00 00 00 00 18 00 42 00 00 A2 EF 34 A7 2F 00 00 7F 81 00 01 00 00 00 00 00 00 38 1A 77 1A 64 44 44 00 80 00 2F B0 93 64 56 4E 04 ED 74 67 64 0D 32 19 40 00 4C 49 C0 4A 3B 00 00 6C 06 10 F4 64
1785249799810,16:43:20.082,00 00 00 00 00 00 00 00 18 00 42 00 00 A2 EF 34 A7 2F 00 00 7F 81 00 01 00 00 00 00 00 00 38 1A 98 1A 8E 44 44 00 80 00 2F B0 93 64 56 64 04 E2 7C 67 64 0D 32 19 40 00 4C 49 C0 4A 3B 00 00 6C 05 10 F4 64
1785249800211,16:43:20.495,00 00 00 00 00 00 00 00 18 00 42 00 00 A2 EF 34 A7 2F 00 00 7F 81 00 01 00 00 00 00 00 00 38 1A 86 1A 8D 44 44 00 80 00 2F B0 93 64 56 66 04 F4 7A 67 64 0D 32 19 40 00 4C 49 C0 4A 3B 00 00 6C 05 10 F4 64
1785249800614,16:43:20.904,00 00 00 00 00 00 00 00 18 00 42 00 00 A2 EF 34 A7 2F 00 00 7F 81 00 01 00 00 00 00 00 00 38 1A 80 1A 74 44 44 00 80 00 2F B0 93 64 56 68 04 E1 77 66 64 0D 32 19 40 00 4C 49 C0 4A 3B 00 00 6C 06 10 F4 64
1785249801016,16:43:21.291,00 00 00 00 00 00 00 00 18 00 42 00 00 A2 EF 34 A7 2F 00 00 7F 81 00 01 00 00 00 00 00 00 38 1A 7A 1A 70 44 44 00 80 00 2F B0 93 64 56 72 04 E2 7D 67 64 0D 32 19 40 00 4C 49 C0 4A 3B 00 00 6C 05 10 F4 64
1785249801416,16:43:21.706,00 00 00 00 00 00 00 00 18 00 42 00 00 A2 EF 34 A7 2F 00 00 7F 81 00 01 00 00 00 00 00 00 38 1A 74 1A 8B 44 44 00 80 00 2F B0 93 64 56 47 04 E7 79 67 64 0D 32 19 40 00 4C 49 C0 4A 3B 00 00 6C 05 10 F4 64
1785249801817,16:43:22.104,00 00 00 00 00 00 00 00 18 00 42 00 00 A2 EF 34 A7 2F 00 00 7F 81 00 01 00 00 00 00 00 00 38 1A 70 1A 5F 44 44 00 80 00 2F B0 93 64 56 45 04 D6 74 67 64 0D 32 19 40 00 4C 49 C0 4A 3B 00 00 6C 06 10 F4 64
1785249802219,16:43:22.500,00 00 00 00 00 00 00 00 18 00 42 00 00 A2 EF 34 A7 2F 00 00 7F 81 00 01 00 00 00 00 00 00 38 1A 83 1A 82 44 44 00 80 00 2F B0 93 64 56 74 04 D7 79 66 64 0D 32 19 40 00 4C 49 C0 4A 3B 00 00 6C 05 10 F4 64
1785249802621,16:43:22.906,00 00 00 00 00 00 00 00 18 00 42 00 00 A2 EF 34 A7 2F 00 00 7F 81 00 01 00 00 00 00 00 00 38 1A 67 1A 98 44 44 00 80 00 2F B0 93 64 56 4E 04 E5 7F 67 64 0D 32 19 40 00 4C 49 C0 4A 3B 00 00 6C 05 10 F4 64
1785249803023,16:43:23.328,00 00 00 00 00 00 00 00 18 00 42 00 00 A2 EF 34 A7 2F 00 00 7F 81 00 01 00 00 00 00 00 00 38 1A 80 1A 7B 44 44 00 80 00 2F B0 93 64 56 5B 04 D1 75 67 64 0D 32 19 40 00 4C 49 C0 4A 3B 00 00 6C 05 10 F4 64
1785249803424,16:43:23.723,00 00 00 00 00 00 00 00 18 00 42 00 00 A2 EF 34 A7 2F 00 00 7F 81 00 01 00 00 00 00 00 00 38 1A B7 1A 78 44 44 00 80 00 2F B0 93 64 56 51 04 EA 78 67 64 0D 32 19 40 00 4C 49 C0 4A 3B 00 00 6C 05 10 F4 64
1785249803826,16:43:24.103,00 00 00 00 00 00 00 00 18 00 42 00 00 A2 EF 34 A7 2F 00 00 7F 81 00 01 00 00 00 00 00 00 38 1A 92 1A D4 44 44 00 80 00 2F B0 93 64 56 3F 04 EE 7F 67 64 0D 32 19 40 00 4C 49 C0 4A 3B 00 00 6C 05 10 F4 64
1785249804227,16:43:24.513,00 00 00 00 00 00 00 00 18 00 42 00 00 A2 EF 34 A7 2F 00 00 7F 81 00 01 00 00 00 00 00 00 38 1A 86 1A 7D 44 44 00 80 00 2F B0 93 64 56 6B 04 D8 75 67 64 0D 32 19 40 00 4C 49 C0 4A 3B 00 00 6C 06 10 F4 64
1785249804628,16:43:24.909,00 00 00 00 00 00 00 00 18 00 42 00 00 A2 EF 34 A7 2F 00 00 7F 81 00 01 00 00 00 00 00 00 38 1A 67 1A 5C 44 44 00 80 00 2F B0 93 64 56 74 04 DD 78 66 64 0D 32 19 40 00 4C 49 C0 4A 3B 00 00 6C 06 10 F4 64
1785249805029,16:43:25.324,00 00 00 00 00 00 00 00 18 00 42 00 00 A2 EF 34 A7 2F 00 00 7F 81 00 01 00 00 00 00 00 00 38 1A 8C 1A 99 44 44 00 80 00 2F B0 93 64 56 47 04 E8 7E 67 64 0D 32 19 40 00 4C 49 C0 4A 3B 00 00 6C 05 10 F4 64
1785249805431,16:43:25.707,00 00 00 00 00 00 00 00 18 00 42 00 00 A2 EF 34 A7 2F 00 00 7F 81 00 01 00 00 00 00 00 00 38 1A 89 1A 86 44 44 00 80 00 2F B0 93 64 56 6D 04 DD 77 67 64 0D 32 19 40 00 4C 49 C0 4A 3B 00 00 6C 05 10 F4 64
1785249805834,16:43:26.110,00 00 00 00 00 00 00 00 18 00 42 00 00 A2 EF 34 A7 2F 00 00 7F 81 00 01 00 00 00 00 00 00 38 1A C7 1A A7 44 44 00 80 00 2F B0 93 64 56 5A 04 EC 76 67 64 0D 32 19 40 00 4C 49 C0 4A 3B 00 00 6C 05 10 F4 64
1785249806237,16:43:26.522,00 00 00 00 00 00 00 00 18 00 42 00 00 A2 EF 34 A7 2F 00 00 7F 81 00 01 00 00 00 00 00 00 38 1A BE 1A C0 44 44 00 80 00 2F B0 93 64 56 71 04 DD 7E 67 64 0D 32 19 40 00 4C 49 C0 4A 3B 00 00 6C 05 10 F4 64
1785249806639,16:43:26.931,00 00 00 00 00 00 00 00 18 00 42 00 00 A2 EF 34 A7 2F 00 00 7F 81 00 01 00 00 00 00 00 00 38 1A 6D 1A 8D 44 44 00 80 00 2F B0 93 64 56 59 04 FB 77 67 64 0D 32 19 40 00 4C 49 C0 4B 3B 00 00 6C 05 10 F4 64
1785249807041,16:43:27.335,00 00 00 00 00 00 00 00 18 00 42 00 00 A2 EF 34 A7 2F 00 00 7F 81 00 01 00 00 00 00 00 00 38 1A 67 1A 5D 44 44 00 80 00 2F B0 93 64 56 64 04 D6 79 66 64 0D 32 19 40 00 4C 49 C0 4A 3B 00 00 6C 06 10 F4 64
1785249807444,16:43:27.746,00 00 00 00 00 00 00 00 18 00 42 00 00 A2 EF 34 A7 2F 00 00 7F 81 00 01 00 00 00 00 00 00 38 1A 98 1A 8A 44 44 00 80 00 2F B0 93 64 56 76 04 E3 7F 67 64 0D 32 19 40 00 4C 49 C0 4A 3B 00 00 6C 05 10 F4 64
1785249807847,16:43:28.131,00 00 00 00 00 00 00 00 18 00 42 00 00 A2 EF 34 A7 2F 00 00 7F 81 00 01 00 00 00 00 00 00 38 1A 37 1A 5B 44 44 00 80 00 2F B0 92 64 56 5C 04 EA 77 67 64 0D 32 19 40 00 4C 49 C0 4B 3B 00 00 6C 06 10 F4 64
1785249808266,16:43:28.540,00 00 00 00 00 00 00 00 18 00 42 00 00 A2 EF 34 A7 2F 00 00 7F 81 00 01 00 00 00 00 00 00 38 1A 8F 1A 9F 44 44 00 80 00 2F B0 92 65 56 68 04 E5 76 66 64 0D 32 19 40 00 4C 49 C0 4B 3B 00 00 6C 05 10 F4 64
1785249808667,16:43:28.940,00 00 00 00 00 00 00 00 18 00 42 00 00 A2 EF 34 A7 2F 00 00 7F 81 00 01 00 00 00 00 00 00 38 1A AE 1A 67 44 44 00 80 00 2F B0 92 65 56 4C 04 D9 7D 67 64 0D 32 19 40 00 4C 49 C0 4B 3B 00 00 6C 05 10 F4 64
1785249809070,16:43:29.359,00 00 00 00 00 00 00 00 18 00 42 00 00 A2 EF 34 A7 2F 00 00 7F 81 00 01 00 00 00 00 00 00 38 1A B1 1A 8D 44 44 00 80 00 2F B0 92 65 56 5C 04 EB 76 67 64 0D 32 19 40 00 4C 49 C0 4B 3B 00 00 6C 05 10 F4 64
1785249809472,16:43:29.758,00 00 00 00 00 00 00 00 18 00 42 00 00 A2 EF 34 A7 2F 00 00 7F 81 00 01 00 00 00 00 00 00 38 1A 98 1A D0 44 44 00 80 00 2F B0 92 65 56 40 04 E6 75 67 64 0D 32 19 40 00 4C 49 C0 4B 3B 00 00 6C 05 10 F4 64
1785249809874,16:43:30.168,00 00 00 00 00 00 00 00 18 00 42 00 00 A2 EF 34 A7 2F 00 00 7F 81 00 01 00 00 00 00 00 00 38 1A 83 1A 84 44 44 00 80 00 2F B0 92 65 56 67 04 DC 7C 67 64 0D 32 19 40 00 4C 49 C0 4B 3B 00 00 6C 06 10 F4 64
1785249810276,16:43:30.574,00 00 00 00 00 00 00 00 18 00 42 00 00 A2 EF 34 A7 2F 00 00 7F 81 00 01 00 00 00 00 00 00 38 1A 9B 1A 7E 44 44 00 80 00 2F B0 92 65 56 66 04 F8 78 67 64 0D 32 19 40 00 4C 49 C0 4B 3B 00 00 6C 06 10 F4 64
1785249810678,16:43:31.000,00 00 00 00 00 00 00 00 18 00 42 00 00 A2 EF 34 A7 2F 00 00 7F 81 00 01 00 00 00 00 00 00 38 1A A5 1A A4 44 44 00 80 00 2F B0 92 65 56 63 04 D8 78 66 64 0D 32 19 40 00 4C 49 C0 4B 3B 00 00 6C 05 10 F4 64
1785249811079,16:43:31.351,00 00 00 00 00 00 00 00 18 00 42 00 00 A2 EF 34 A7 2F 00 00 7F 81 00 01 00 00 00 00 00 00 38 1A 8F 1A 8F 44 44 00 80 00 2F B0 92 65 56 70 04 DC 7C 67 64 0D 32 19 40 00 4C 49 C0 4B 3B 00 00 6C 05 10 F4 64
1785249811482,16:43:31.755,00 00 00 00 00 00 00 00 18 00 42 00 00 A2 EF 34 A7 2F 00 00 7F 81 00 01 00 00 00 00 00 00 38 1A C1 1A 89 44 44 00 80 00 2F B0 92 65 56 58 04 F2 75 67 64 0D 32 19 40 00 4C 49 C0 4B 3B 00 00 6C 05 10 F4 64
1785249811884,16:43:32.180,00 00 00 00 00 00 00 00 18 00 42 00 00 A2 EF 34 A7 2F 00 00 7F 81 00 01 00 00 00 00 00 00 38 1A C7 1A CD 44 44 00 80 00 2F B0 92 65 56 6C 04 DC 78 66 64 0D 32 19 40 00 4C 49 C0 4B 3B 00 00 6C 05 10 F4 64
1785249812286,16:43:32.581,00 00 00 00 00 00 00 00 18 00 42 00 00 A2 EF 34 A7 2F 00 00 7F 81 00 01 00 00 00 00 00 00 38 1A 9F 1A C1 44 44 00 80 00 2F B0 92 65 56 6E 04 F0 7F 67 64 0D 32 19 40 00 4C 49 C0 4B 3B 00 00 6C 05 10 F4 64
1785249812687,16:43:32.976,00 00 00 00 00 00 00 00 18 00 42 00 00 A2 EF 34 A7 2F 00 00 7F 81 00 01 00 00 00 00 00 00 38 1A 9F 1A 5C 44 44 00 80 00 2F B0 92 65 56 4B 04 EB 76 67 64 0D 32 19 40 00 4C 49 C0 4B 3B 00 00 6C 06 10 F4 64
1785249813089,16:43:33.363,00 00 00 00 00 00 00 00 18 00 42 00 00 A2 EF 34 A7 2F 00 00 7F 81 00 01 00 00 00 00 00 00 38 1A 9B 1A 94 44 44 00 80 00 2F B0 92 65 56 73 04 E8 77 66 64 0D 32 19 40 00 4C 49 C0 4B 3B 00 00 6C 05 10 F4 64
1785249813490,16:43:33.791,00 00 00 00 00 00 00 00 18 00 42 00 00 A2 EF 34 A7 2F 00 00 7F 81 00 01 00 00 00 00 00 00 38 1A 8C 1A A2 44 44 00 80 00 2F B0 92 65 56 47 04 EE 7E 67 64 0D 32 19 40 00 4C 49 C0 4B 3B 00 00 6C 05 10 F4 64
1785249813891,16:43:34.187,00 00 00 00 00 00 00 00 18 00 42 00 00 A2 EF 34 A7 2F 00 00 7F 81 00 01 00 00 00 00 00 00 38 1A AB 1A 88 44 44 00 80 00 2F B0 92 65 56 5F 04 DB 78 67 64 0D 32 19 40 00 4C 49 C0 4B 3B 00 00 6C 05 10 F4 64
1785249814293,16:43:34.587,00 00 00 00 00 00 00 00 18 00 42 00 00 A2 EF 34 A7 2F 00 00 7F 81 00 01 00 00 00 00 00 00 38 1A 89 1A 8A 44 44 00 80 00 2F B0 92 65 56 77 04 DD 75 66 64 0D 32 19 40 00 4C 49 C0 4B 3B 00 00 6C 06 10 F4 64
1785249814695,16:43:34.992,00 00 00 00 00 00 00 00 18 00 42 00 00 A2 EF 34 A7 2F 00 00 7F 81 00 01 00 00 00 00 00 00 38 1A C1 1B 0E 44 44 00 80 00 2F B0 92 65 56 3D 04 D5 7E 67 64 0D 32 19 40 00 4C 49 C0 4B 3B 00 00 6C 05 11 F4 64
1785249815097,16:43:35.392,00 00 00 00 00 00 00 00 18 00 42 00 00 A2 EF 34 A7 2F 00 00 7F 81 00 01 00 00 00 00 00 00 38 1A 6D 1A 72 44 44 00 80 00 2F B0 92 65 56 6D 04 E6 77 67 64 0D 32 19 40 00 4C 49 C0 4B 3B 00 00 6C 06 10 F4 64
1785249815499,16:43:35.796,00 00 00 00 00 00 00 00 18 00 42 00 00 A2 EF 34 A7 2F 00 00 7F 81 00 01 00 00 00 00 00 00 38 1A 77 1A 71 44 44 00 80 00 2F B0 92 65 56 5D 04 F4 75 66 64 0D 32 19 40 00 4C 49 C0 4B 3B 00 00 6C 06 10 F4 64
1785249815902,16:43:36.176,00 00 00 00 00 00 00 00 18 00 42 00 00 A2 EF 34 A7 2F 00 00 7F 81 00 01 00 00 00 00 00 00 38 1A A2 1A C4 44 44 00 80 00 2F B0 92 65 56 4F 04 E3 7C 67 64 0D 32 19 40 00 4C 49 C0 4B 3B 00 00 6C 05 10 F4 64
1785249816303,16:43:36.580,00 00 00 00 00 00 00 00 18 00 42 00 00 A2 EF 34 A7 2F 00 00 7F 81 00 01 00 00 00 00 00 00 38 1A 92 1A 9D 44 44 00 80 00 2F B1 92 65 56 73 04 F7 7A 67 64 0D 32 19 40 00 4C 49 C0 4B 3B 00 00 6C 05 10 F4 64
1785249816706,16:43:37.000,00 00 00 00 00 00 00 00 18 00 42 00 00 A2 EF 34 A7 2F 00 00 7F 81 00 01 00 00 00 00 00 00 38 1A A5 1A 70 44 44 00 80 00 2F B1 92 65 56 50 04 E2 74 67 64 0D 32 19 40 00 4C 49 C0 4B 3B 00 00 6C 05 10 F4 64
1785249817108,16:43:37.402,00 00 00 00 00 00 00 00 18 00 42 00 00 A2 EF 34 A7 2F 00 00 7F 81 00 01 00 00 00 00 00 00 38 1A A5 1A AE 44 44 00 80 00 2F B1 92 65 56 6F 04 D2 7C 67 64 0D 32 19 40 00 4C 49 C0 4B 3C 00 00 6C 05 10 F4 64
1785249817509,16:43:37.810,00 00 00 00 00 00 00 00 18 00 42 00 00 A2 EF 34 A7 2F 00 00 7F 81 00 01 00 00 00 00 00 00 38 1A 77 1A B2 44 44 00 80 00 2F B1 92 65 56 5A 04 EA 76 67 64 0D 32 19 40 00 4C 49 C0 4B 3C 00 00 6C 05 10 F4 64
1785249817910,16:43:38.184,00 00 00 00 00 00 00 00 18 00 42 00 00 A2 EF 34 A7 2F 00 00 7F 81 00 01 00 00 00 00 00 00 38 1A 77 1A 6B 44 44 00 80 00 2F B1 92 65 56 57 04 E0 77 66 64 0D 32 19 40 00 4C 49 C0 4B 3C 00 00 6C 06 10 F4 64
1785249818312,16:43:38.586,00 00 00 00 00 00 00 00 18 00 42 00 00 A2 EF 34 A7 2F 00 00 7F 81 00 01 00 00 00 00 00 00 38 1A 55 1A 51 44 44 00 80 00 2F B1 92 65 56 72 04 E0 7D 67 64 0D 32 19 40 00 4C 49 C0 4B 3C 00 00 6C 06 10 F4 64
1785249818713,16:43:39.011,00 00 00 00 00 00 00 00 18 00 42 00 00 A2 EF 34 A7 2F 00 00 7F 81 00 01 00 00 00 00 00 00 38 1A 77 1A 8E 44 44 00 80 00 2F B1 92 65 56 4F 04 EA 7A 67 64 0D 32 19 40 00 4C 49 C0 4B 3C 00 00 6C 06 10 F4 64
1785249819113,16:43:39.407,00 00 00 00 00 00 00 00 18 00 42 00 00 A2 EF 34 A7 2F 00 00 7F 81 00 01 00 00 00 00 00 00 38 1A C1 1A 78 44 44 00 80 00 2F B1 91 65 56 50 04 DD 74 67 64 0D 32 19 40 00 4C 49 C0 4B 3C 00 00 6C 05 10 F4 64
1785249819514,16:43:39.810,00 00 00 00 00 00 00 00 18 00 42 00 00 A2 EF 34 A7 2F 00 00 7F 81 00 01 00 00 00 00 00 00 38 1A B7 1A B0 44 44 00 80 00 2F B1 91 65 56 73 04 D0 7A 67 64 0D 32 19 40 00 4C 49 C0 4B 3C 00 00 6C 05 10 F4 64
1785249819915,16:43:40.216,00 00 00 00 00 00 00 00 18 00 42 00 00 A2 EF 34 A7 2F 00 00 7F 81 00 01 00 00 00 00 00 00 38 1A 89 1A BC 44 44 00 80 00 2F B1 91 65 56 41 04 DA 7D 67 64 0D 32 19 40 00 4C 49 C0 4B 3C 00 00 6C 05 10 F4 64
1785249820317,16:43:40.614,00 00 00 00 00 00 00 00 18 00 42 00 00 A2 EF 34 A7 2F 00 00 7F 81 00 01 00 00 00 00 00 00 38 1A 89 1A 8F 44 44 00 80 00 2F B1 91 65 56 68 04 DD 74 67 64 0D 32 19 40 00 4C 49 C0 4B 3C 00 00 6C 06 10 F4 64
1785249820719,16:43:41.017,00 00 00 00 00 00 00 00 18 00 42 00 00 A2 EF 34 A7 2F 00 00 7F 81 00 01 00 00 00 00 00 00 38 1A BB 1A A3 44 44 00 80 00 2F B1 91 65 56 65 04 E9 7A 67 64 0D 32 19 40 00 4C 49 C0 4B 3C 00 00 6C 05 10 F4 64
1785249821121,16:43:41.394,00 00 00 00 00 00 00 00 18 00 42 00 00 A2 EF 34 A7 2F 00 00 7F 81 00 01 00 00 00 00 00 00 38 1A 83 1A 9C 44 44 00 80 00 2F B1 91 65 56 4F 04 D3 7C 67 64 0D 32 19 40 00 4C 49 C0 4B 3C 00 00 6C 05 10 F4 64
1785249821522,16:43:41.816,00 00 00 00 00 00 00 00 18 00 42 00 00 A2 EF 34 A7 2F 00 00 7F 81 00 01 00 00 00 00 00 00 38 1A 80 1A 7B 44 44 00 80 00 2F B1 91 65 56 72 04 E6 74 66 64 0D 32 19 40 00 4C 49 C0 4B 3C 00 00 6C 06 10 F4 64
1785249821924,16:43:42.220,00 00 00 00 00 00 00 00 18 00 42 00 00 A2 EF 34 A7 2F 00 00 7F 81 00 01 00 00 00 00 00 00 38 1A CA 1A A1 44 44 00 80 00 2F B1 91 65 56 44 04 EE 7B 67 64 0D 32 19 40 00 4C 49 C0 4B 3C 00 00 6C 05 10 F4 64
1785249822327,16:43:42.622,00 00 00 00 00 00 00 00 18 00 42 00 00 A2 EF 34 A7 2F 00 00 7F 81 00 01 00 00 00 00 00 00 38 1A B1 1A B0 44 44 00 80 00 2F B1 91 65 56 67 04 E0 7B 67 64 0D 32 19 40 00 4C 49 C0 4B 3C 00 00 6C 05 10 F4 64
1785249822730,16:43:43.006,00 00 00 00 00 00 00 00 18 00 42 00 00 A2 EF 34 A7 2F 00 00 7F 81 00 01 00 00 00 00 00 00 38 1A 89 1A A0 44 44 00 80 00 2F B1 91 65 56 63 04 F2 75 67 64 0D 32 19 40 00 4C 49 C0 4B 3C 00 00 6C 05 10 F4 64
1785249823131,16:43:43.451,00 00 00 00 00 00 00 00 18 00 42 00 00 A2 EF 34 A7 2F 00 00 7F 81 00 01 00 00 00 00 00 00 38 1A A2 1A D9 44 44 00 80 00 2F B1 91 65 56 5B 04 F4 7F 67 64 0D 32 19 40 00 4C 49 C0 4B 3C 00 00 6C 05 10 F4 64
1785249823532,16:43:43.818,00 00 00 00 00 00 00 00 18 00 42 00 00 A2 EF 34 A7 2F 00 00 7F 81 00 01 00 00 00 00 00 00 38 1A C4 1A 7E 44 44 00 80 00 2F B1 91 65 56 60 04 F3 76 67 64 0D 32 19 40 00 4C 49 C0 4B 3C 00 00 6C 05 10 F4 64
1785249823933,16:43:44.222,00 00 00 00 00 00 00 00 18 00 42 00 00 A2 EF 34 A7 2F 00 00 7F 81 00 01 00 00 00 00 00 00 38 1A 3A 1A 5F 44 44 00 80 00 2F B1 91 65 56 39 04 E5 74 67 64 0D 32 19 40 00 4C 49 C0 4B 3C 00 00 6C 06 10 F4 64
1785249824334,16:43:44.631,00 00 00 00 00 00 00 00 18 00 42 00 00 A2 EF 34 A7 2F 00 00 7F 81 00 01 00 00 00 00 00 00 38 1A 9B 1A 90 44 44 00 80 00 2F B1 91 65 56 6B 04 E1 79 67 64 0D 32 19 40 00 4C 49 C0 4B 3C 00 00 6C 06 10 F4 64
1785249824736,16:43:45.030,00 00 00 00 00 00 00 00 18 00 42 00 00 A2 EF 34 A7 2F 00 00 7F 81 00 01 00 00 00 00 00 00 38 1A DA 1A BD 44 44 00 80 00 2F B1 91 65 56 73 04 F2 7C 67 64 0D 32 19 40 00 4C 49 C0 4B 3C 00 00 6C 05 11 F4 64
1785249825138,16:43:45.413,00 00 00 00 00 00 00 00 18 00 42 00 00 A2 EF 34 A7 2F 00 00 7F 81 00 01 00 00 00 00 00 00 38 1A 8F 1A 9D 44 44 00 80 00 2F B1 91 65 56 58 04 E8 74 67 64 0D 32 19 40 00 4C 49 C0 4B 3C 00 00 6C 05 10 F4 64
1785249825539,16:43:45.836,00 00 00 00 00 00 00 00 18 00 42 00 00 A2 EF 34 A7 2F 00 00 7F 81 00 01 00 00 00 00 00 00 38 1A 86 1A 8B 44 44 00 80 00 2F B1 91 65 56 73 04 ED 7E 67 64 0D 32 19 40 00 4C 49 C0 4B 3C 00 00 6C 06 10 F4 64
1785249825941,16:43:46.222,00 00 00 00 00 00 00 00 18 00 42 00 00 A2 EF 34 A7 2F 00 00 7F 81 00 01 00 00 00 00 00 00 38 1A D0 1A A5 44 44 00 80 00 2F B1 91 65 56 48 04 EA 77 67 64 0D 32 19 40 00 4C 49 C0 4B 3C 00 00 6C 05 10 F4 64
1785249826342,16:43:46.641,00 00 00 00 00 00 00 00 18 00 42 00 00 A2 EF 34 A7 2F 00 00 7F 81 00 01 00 00 00 00 00 00 38 1A 83 1A 85 44 44 00 80 00 2F B1 91 65 56 68 04 CE 76 67 64 0D 32 19 40 00 4C 49 C0 4B 3C 00 00 6C 06 10 F4 64
1785249826744,16:43:47.022,00 00 00 00 00 00 00 00 18 00 42 00 00 A2 EF 34 A7 2F 00 00 7F 81 00 01 00 00 00 00 00 00 38 1A 6A 1A 75 44 44 00 80 00 2F B1 91 65 56 64 04 EE 7E 67 64 0D 32 19 40 00 4C 49 C0 4B 3C 00 00 6C 06 10 F4 64
1785249827145,16:43:47.430,00 00 00 00 00 00 00 00 18 00 42 00 00 A2 EF 34 A7 2F 00 00 7F 81 00 01 00 00 00 00 00 00 38 1A A8 1A 79 44 44 00 80 00 2E B1 91 65 56 51 04 E1 78 67 64 0D 32 19 40 00 4C 49 C0 4B 3C 00 00 6C 05 10 F4 64
1785249827548,16:43:47.846,00 00 00 00 00 00 00 00 18 00 42 00 00 A2 EF 34 A7 2F 00 00 7F 81 00 01 00 00 00 00 00 00 38 1A 86 1A 78 44 44 00 80 00 2E B1 91 65 56 76 04 E8 75 67 64 0D 32 19 40 00 4C 49 C0 4B 3C 00 00 6C 06 10 F4 64
1785249827948,16:43:48.219,00 00 00 00 00 00 00 00 18 00 42 00 00 A2 EF 34 A7 2F 00 00 7F 81 00 01 00 00 00 00 00 00 38 1A 7D 1A 9D 44 44 00 80 00 2E B1 91 65 56 68 04 F5 7E 67 64 0D 32 19 40 00 4C 49 C0 4C 3C 00 00 6C 06 10 F4 64
1785249828350,16:43:48.645,00 00 00 00 00 00 00 00 18 00 42 00 00 A2 EF 34 A7 2F 00 00 7F 81 00 01 00 00 00 00 00 00 38 1A 9F 1A 52 44 44 00 80 00 2F B1 91 65 56 5E 04 E8 79 67 64 0D 32 19 40 00 4C 49 C0 4B 3C 00 00 6C 06 10 F4 64
1785249828751,16:43:49.030,00 00 00 00 00 00 00 00 18 00 42 00 00 A2 EF 34 A7 2F 00 00 7F 81 00 01 00 00 00 00 00 00 38 1A 9B 1A 96 44 44 00 80 00 2E B1 91 65 56 75 04 E1 74 66 64 0D 32 19 40 00 4C 49 C0 4B 3C 00 00 6C 05 10 F4 64
1785249829152,16:43:49.449,00 00 00 00 00 00 00 00 18 00 42 00 00 A2 EF 34 A7 2F 00 00 7F 81 00 01 00 00 00 00 00 00 38 1A 9B 1A B4 44 44 00 80 00 2E B1 91 65 56 3F 04 E0 7D 67 64 0D 32 19 40 00 4C 49 C0 4C 3C 00 00 6C 05 10 F4 64
1785249829554,16:43:49.853,00 00 00 00 00 00 00 00 18 00 42 00 00 A2 EF 34 A7 2F 00 00 7F 81 00 01 00 00 00 00 00 00 38 1A 89 1A 7A 44 44 00 80 00 2E B1 91 65 56 6B 04 CC 7C 67 64 0D 32 19 40 00 4C 49 C0 4B 3C 00 00 6C 06 10 F4 64
1785249829955,16:43:50.262,00 00 00 00 00 00 00 00 18 00 42 00 00 A2 EF 34 A7 2F 00 00 7F 81 00 01 00 00 00 00 00 00 38 1A A8 1A 87 44 44 00 80 00 2E B1 91 65 56 6C 04 E8 73 67 64 0D 32 19 40 00 4C 49 C0 4C 3C 00 00 6C 05 10 F4 64
1785249830356,16:43:50.640,00 00 00 00 00 00 00 00 18 00 42 00 00 A2 EF 34 A7 2F 00 00 7F 81 00 01 00 00 00 00 00 00 38 1A A5 1A EA 44 44 00 80 00 2E B1 91 65 56 40 04 DD 7B 67 64 0D 32 19 40 00 4C 49 C0 4C 3C 00 00 6C 05 11 F4 64
1785249830759,16:43:51.030,00 00 00 00 00 00 00 00 18 00 42 00 00 A2 EF 34 A7 2F 00 00 7F 81 00 01 00 00 00 00 00 00 38 1A 7D 1A 73 44 44 00 80 00 2E B1 91 65 56 6C 04 D0 7D 67 64 0D 32 19 40 00 4C 49 C0 4C 3C 00 00 6C 06 10 F4 64
1785249831162,16:43:51.455,00 00 00 00 00 00 00 00 18 00 42 00 00 A2 EF 34 A7 2F 00 00 7F 81 00 01 00 00 00 00 00 00 38 1A B7 1A 9A 44 44 00 80 00 2E B1 91 65 56 54 04 E1 74 67 64 0D 32 19 40 00 4C 49 C0 4C 3C 00 00 6C 05 10 F4 64
1785249831563,16:43:51.855,00 00 00 00 00 00 00 00 18 00 42 00 00 A2 EF 34 A7 2F 00 00 7F 81 00 01 00 00 00 00 00 00 38 1A 9F 1A A4 44 44 00 80 00 2E B1 91 65 56 62 04 DA 7B 67 64 0D 32 19 40 00 4C 49 C0 4C 3C 00 00 6C 05 10 F4 64
1785249831964,16:43:52.259,00 00 00 00 00 00 00 00 18 00 42 00 00 A2 EF 34 A7 2F 00 00 7F 81 00 01 00 00 00 00 00 00 38 1A 8C 1A 9F 44 44 00 80 00 2E B1 91 65 56 69 04 EC 7B 67 64 0D 32 19 40 00 4C 49 C0 4C 3C 00 00 6C 05 10 F4 64
1785249832365,16:43:52.663,00 00 00 00 00 00 00 00 18 00 42 00 00 A2 EF 34 A7 2F 00 00 7F 81 00 01 00 00 00 00 00 00 38 1A AE 1A A4 44 44 00 80 00 2E B1 91 65 56 57 04 D7 77 67 64 0D 32 19 40 00 4C 49 C0 4C 3C 00 00 6C 05 10 F4 64
1785249832766,16:43:53.066,00 00 00 00 00 00 00 00 18 00 42 00 00 A2 EF 34 A7 2F 00 00 7F 81 00 01 00 00 00 00 00 00 38 1A 9F 1A 8B 44 44 00 80 00 2E B1 90 65 56 74 04 DB 7E 67 64 0D 32 19 40 00 4C 49 C0 4C 3C 00 00 6C 05 10 F4 64
1785249833167,16:43:53.457,00 00 00 00 00 00 00 00 18 00 42 00 00 A2 EF 34 A7 2F 00 00 7F 81 00 01 00 00 00 00 00 00 38 1A 92 1A B9 44 44 00 80 00 2E B1 90 65 56 5F 04 EC 77 67 64 0D 32 19 40 00 4C 49 C0 4C 3C 00 00 6C 05 10 F4 64
1785249833568,16:43:53.864,00 00 00 00 00 00 00 00 18 00 42 00 00 A2 EF 34 A7 2F 00 00 7F 81 00 01 00 00 00 00 00 00 38 1A 6A 1A 5F 44 44 00 80 00 2E B1 90 65 56 51 04 D8 76 67 64 0D 32 19 40 00 4C 49 C0 4C 3C 00 00 6C 06 10 F4 64
1785249833968,16:43:54.261,00 00 00 00 00 00 00 00 18 00 42 00 00 A2 EF 34 A7 2F 00 00 7F 81 00 01 00 00 00 00 00 00 38 1A B1 1A A7 44 44 00 80 00 2E B1 90 65 56 71 04 E0 7D 67 64 0D 32 19 40 00 4C 49 C0 4C 3C 00 00 6C 05 10 F4 64
1785249834370,16:43:54.660,00 00 00 00 00 00 00 00 18 00 42 00 00 A2 EF 34 A7 2F 00 00 7F 81 00 01 00 00 00 00 00 00 38 1A 8F 1A A4 44 44 00 80 00 2E B1 90 65 56 63 04 EF 79 67 64 0D 32 19 40 00 4C 49 C0 4C 3C 00 00 6C 05 10 F4 64
1785249834771,16:43:55.067,00 00 00 00 00 00 00 00 18 00 42 00 00 A2 EF 34 A7 2F 00 00 7F 81 00 01 00 00 00 00 00 00 38 1A 86 1A 33 44 44 00 80 00 2E B1 90 65 56 5B 04 D3 74 67 64 0D 32 19 40 00 4C 49 C0 4C 3C 00 00 6C 06 10 F4 64
1785249835172,16:43:55.473,00 00 00 00 00 00 00 00 18 00 42 00 00 A2 EF 34 A7 2F 00 00 7F 81 00 01 00 00 00 00 00 00 38 1A D4 1A A9 44 44 00 80 00 2E B1 90 65 56 75 04 E9 7A 67 64 0D 32 19 40 00 4C 49 C0 4C 3C 00 00 6C 05 10 F4 64
1785249835572,16:43:55.871,00 00 00 00 00 00 00 00 18 00 42 00 00 A2 EF 34 A7 2F 00 00 7F 81 00 01 00 00 00 00 00 00 38 1A 86 1A D2 44 44 00 80 00 2E B1 90 65 56 34 04 D7 7C 67 64 0D 32 19 40 00 4C 49 C0 4C 3C 00 00 6C 05 10 F4 64
1785249835974,16:43:56.250,00 00 00 00 00 00 00 00 18 00 42 00 00 A2 EF 34 A7 2F 00 00 7F 81 00 01 00 00 00 00 00 00 38 1A 89 1A 93 44 44 00 80 00 2E B1 90 65 56 71 04 D8 74 67 64 0D 32 19 40 00 4C 49 C0 4C 3C 00 00 6C 05 10 F4 64
1785249836375,16:43:56.654,00 00 00 00 00 00 00 00 18 00 42 00 00 A2 EF 34 A7 2F 00 00 7F 81 00 01 00 00 00 00 00 00 38 1A 9B 1A 81 44 44 00 80 00 2E B1 90 65 56 75 04 F2 7A 67 64 0D 32 19 40 00 4C 49 C0 4C 3C 00 00 6C 05 10 F4 64
1785249836775,16:43:57.071,00 00 00 00 00 00 00 00 18 00 42 00 00 A2 EF 34 A7 2F 00 00 7F 81 00 01 00 00 00 00 00 00 38 1A 95 1A BD 44 44 00 80 00 2E B1 90 65 56 50 04 DD 7C 67 64 0D 32 19 40 00 4C 49 C0 4C 3C 00 00 6C 05 10 F4 64
1785249837177,16:43:57.474,00 00 00 00 00 00 00 00 18 00 42 00 00 A2 EF 34 A7 2F 00 00 7F 81 00 01 00 00 00 00 00 00 38 1A 98 1A 96 44 44 00 80 00 2E B1 90 65 56 72 04 DE 74 67 64 0D 32 19 40 00 4C 49 C0 4C 3C 00 00 6C 05 10 F4 64
1785249837578,16:43:57.880,00 00 00 00 00 00 00 00 18 00 42 00 00 A2 EF 34 A7 2F 00 00 7F 81 00 01 00 00 00 00 00 00 38 1A CA 1A B5 44 44 00 80 00 2E B1 90 65 56 65 04 EE 7A 67 64 0D 32 19 40 00 4C 49 C0 4C 3C 00 00 6C 05 10 F4 64
1785249837981,16:43:58.276,00 00 00 00 00 00 00 00 18 00 42 00 00 A2 EF 34 A7 2F 00 00 7F 81 00 01 00 00 00 00 00 00 38 1A CA 1A CF 44 44 00 80 00 2E B1 90 65 56 5F 04 D8 7D 67 64 0D 32 19 40 00 4C 49 C0 4C 3C 00 00 6C 05 10 F4 64
1785249838384,16:43:58.679,00 00 00 00 00 00 00 00 18 00 42 00 00 A2 EF 34 A7 2F 00 00 7F 81 00 01 00 00 00 00 00 00 38 1A 92 1A AD 44 44 00 80 00 2E B1 90 66 56 68 04 F1 74 67 64 0D 32 19 40 00 4C 49 C0 4C 3C 00 00 6C 05 10 F4 64
1785249838785,16:43:59.085,00 00 00 00 00 00 00 00 18 00 42 00 00 A2 EF 34 A7 2F 00 00 7F 81 00 01 00 00 00 00 00 00 38 1A 80 1A 77 44 44 00 80 00 2E B1 90 66 56 62 04 DE 7B 67 64 0D 32 19 40 00 4C 49 C0 4C 3C 00 00 6C 06 10 F4 64
1785249839185,16:43:59.483,00 00 00 00 00 00 00 00 18 00 42 00 00 A2 EF 34 A7 2F 00 00 7F 81 00 01 00 00 00 00 00 00 38 1A CA 1A AF 44 44 00 80 00 2E B1 90 66 56 75 04 EB 7C 67 64 0D 32 19 40 00 4C 49 C0 4C 3C 00 00 6C 05 10 F4 64
1785249839586,16:43:59.882,00 00 00 00 00 00 00 00 18 00 42 00 00 A2 EF 34 A7 2F 00 00 7F 81 00 01 00 00 00 00 00 00 38 1A 6A 1A 96 44 44 00 80 00 2E B1 90 66 56 4C 04 EE 74 67 64 0D 32 19 40 00 4C 49 C0 4C 3C 00 00 6C 05 10 F4 64
