t_ms,hora,dur_ms,datos_hex,raw_completo
1785342983272,18:36:23.272,296,00 00 00 00 00 00 00 00 18 00 42 00 00 A2 EF 34 A7 2F 00 00 03 11 00 01 00 00 00 00 00 00 31 00 00 00 00 00 00 00 80 00 BB 58 9B 60 56 37 00 59 79 67 00 00 32 19 40 00 00 00 00 37 29 00 00 56 FB 00 F7 65,80 F1 11 46 61 01 00 00 00 00 00 00 00 00 18 00 42 00 00 A2 EF 34 A7 2F 00 00 03 11 00 01 00 00 00 00 00 00 31 00 00 00 00 00 00 00 80 00 BB 58 9B 60 56 37 00 59 79 67 00 00 32 19 40 00 00 00 00 37 29 00 00 56 FB 00 F7 65 51
1785342983880,18:36:23.880,326,00 00 00 00 00 00 00 00 18 00 42 00 00 A2 EF 34 A7 2F 00 00 03 11 00 01 00 00 00 00 00 00 31 00 00 00 00 00 00 00 80 00 BB 58 9B 60 56 37 00 59 79 67 00 00 32 19 40 00 00 00 00 37 29 00 00 56 FB 00 F7 65,80 F1 11 46 61 01 00 00 00 00 00 00 00 00 18 00 42 00 00 A2 EF 34 A7 2F 00 00 03 11 00 01 00 00 00 00 00 00 31 00 00 00 00 00 00 00 80 00 BB 58 9B 60 56 37 00 59 79 67 00 00 32 19 40 00 00 00 00 37 29 00 00 56 FB 00 F7 65 51
1785342984519,18:36:24.519,395,00 00 00 00 00 00 00 00 18 00 42 00 00 A2 EF 34 A7 2F 00 00 03 11 00 01 00 00 00 00 00 00 31 00 00 00 00 00 00 00 80 00 BB 58 9B 60 56 37 00 59 79 67 00 00 32 19 40 00 00 00 00 37 29 00 00 56 FB 00 F7 65,80 F1 11 46 61 01 00 00 00 00 00 00 00 00 18 00 42 00 00 A2 EF 34 A7 2F 00 00 03 11 00 01 00 00 00 00 00 00 31 00 00 00 00 00 00 00 80 00 BB 58 9B 60 56 37 00 59 79 67 00 00 32 19 40 00 00 00 00 37 29 00 00 56 FB 00 F7 65 51
1785342985229,18:36:25.229,350,00 00 00 00 00 00 00 00 18 00 42 00 00 A2 EF 34 A7 2F 00 00 03 11 00 01 00 00 00 00 00 00 31 00 00 00 00 00 00 00 80 00 BB 58 9B 60 56 37 00 59 79 67 00 00 32 19 40 00 00 00 00 37 29 00 00 56 FB 00 F7 65,80 F1 11 46 61 01 00 00 00 00 00 00 00 00 18 00 42 00 00 A2 EF 34 A7 2F 00 00 03 11 00 01 00 00 00 00 00 00 31 00 00 00 00 00 00 00 80 00 BB 58 9B 60 56 37 00 59 79 67 00 00 32 19 40 00 00 00 00 37 29 00 00 56 FB 00 F7 65 51
1785342985884,18:36:25.884,405,00 00 00 00 00 00 00 00 18 00 42 00 00 A2 EF 34 A7 2F 00 00 03 11 00 01 00 00 00 00 00 00 31 00 00 00 00 00 00 00 80 00 BB 58 9B 60 56 37 00 59 79 67 00 00 32 19 40 00 00 00 00 37 29 00 00 56 FB 00 F7 65,80 F1 11 46 61 01 00 00 00 00 00 00 00 00 18 00 42 00 00 A2 EF 34 A7 2F 00 00 03 11 00 01 00 00 00 00 00 00 31 00 00 00 00 00 00 00 80 00 BB 58 9B 60 56 37 00 59 79 67 00 00 32 19 40 00 00 00 00 37 29 00 00 56 FB 00 F7 65 51
1785342986593,18:36:26.593,312,00 00 00 00 00 00 00 00 18 00 42 00 00 A2 EF 34 A7 2F 00 00 03 11 00 01 00 00 00 00 00 00 31 00 00 00 00 00 00 00 80 00 BA 58 9B 60 56 37 00 59 79 67 00 00 32 19 40 00 00 00 00 37 29 00 00 56 FB 00 F7 65,80 F1 11 46 61 01 00 00 00 00 00 00 00 00 18 00 42 00 00 A2 EF 34 A7 2F 00 00 03 11 00 01 00 00 00 00 00 00 31 00 00 00 00 00 00 00 80 00 BA 58 9B 60 56 37 00 59 79 67 00 00 32 19 40 00 00 00 00 37 29 00 00 56 FB 00 F7 65 50
1785342987212,18:36:27.212,352,00 00 00 00 00 00 00 00 18 00 42 00 00 A2 EF 34 A7 2F 00 00 03 11 00 01 00 00 00 00 00 00 31 00 00 00 00 00 00 00 80 00 BB 58 9B 60 56 37 00 59 79 67 00 00 32 19 40 00 00 00 00 37 29 00 00 56 FB 00 F7 65,80 F1 11 46 61 01 00 00 00 00 00 00 00 00 18 00 42 00 00 A2 EF 34 A7 2F 00 00 03 11 00 01 00 00 00 00 00 00 31 00 00 00 00 00 00 00 80 00 BB 58 9B 60 56 37 00 59 79 67 00 00 32 19 40 00 00 00 00 37 29 00 00 56 FB 00 F7 65 51
1785342987880,18:36:27.880,311,00 00 00 00 00 00 00 00 18 00 42 00 00 A2 EF 34 A7 2F 00 00 03 11 00 01 00 00 00 00 00 00 31 00 00 03 D0 00 00 00 80 00 BB 58 9B 60 56 3C 00 86 79 67 00 00 32 19 40 00 00 00 00 37 29 00 00 56 FB 00 F7 65,80 F1 11 46 61 01 00 00 00 00 00 00 00 00 18 00 42 00 00 A2 EF 34 A7 2F 00 00 03 11 00 01 00 00 00 00 00 00 31 00 00 03 D0 00 00 00 80 00 BB 58 9B 60 56 3C 00 86 79 67 00 00 32 19 40 00 00 00 00 37 29 00 00 56 FB 00 F7 65 56
1785342988506,18:36:28.506,363,00 00 00 00 00 00 00 00 18 00 42 00 00 A2 EF 34 A7 2F 00 00 1F 81 46 01 00 00 00 00 00 00 31 24 36 24 9D 4C 4C 00 80 00 BB 58 9B 60 56 6A 04 CF 73 66 66 0D 32 19 40 00 00 00 00 37 2A 00 00 56 07 17 F7 65,80 F1 11 46 61 01 00 00 00 00 00 00 00 00 18 00 42 00 00 A2 EF 34 A7 2F 00 00 1F 81 46 01 00 00 00 00 00 00 31 24 36 24 9D 4C 4C 00 80 00 BB 58 9B 60 56 6A 04 CF 73 66 66 0D 32 19 40 00 00 00 00 37 2A 00 00 56 07 17 F7 65 13
1785342989188,18:36:29.188,430,00 00 00 00 00 00 00 00 18 00 42 00 00 A2 EF 34 A7 2F 00 00 1F 81 46 01 00 00 00 00 00 00 2F 1D 97 1D 72 4C 4C 00 80 00 BB 58 9D 5E 56 80 07 B5 7D 66 65 0D 32 19 40 00 00 00 00 37 29 00 00 56 0C 16 F7 65,80 F1 11 46 61 01 00 00 00 00 00 00 00 00 18 00 42 00 00 A2 EF 34 A7 2F 00 00 1F 81 46 01 00 00 00 00 00 00 2F 1D 97 1D 72 4C 4C 00 80 00 BB 58 9D 5E 56 80 07 B5 7D 66 65 0D 32 19 40 00 00 00 00 37 29 00 00 56 0C 16 F7 65 44
1785342989931,18:36:29.931,316,00 00 00 00 00 00 00 00 18 00 42 00 00 A2 EF 34 A7 2F 00 00 1F 81 46 01 00 00 00 00 00 00 32 1C D9 1C F0 4B 4B 00 80 00 BB 58 9E 5E 56 80 07 CE 74 66 65 0D 32 19 40 00 00 00 00 37 29 00 00 56 0C 15 F7 65,80 F1 11 46 61 01 00 00 00 00 00 00 00 00 18 00 42 00 00 A2 EF 34 A7 2F 00 00 1F 81 46 01 00 00 00 00 00 00 32 1C D9 1C F0 4B 4B 00 80 00 BB 58 9E 5E 56 80 07 CE 74 66 65 0D 32 19 40 00 00 00 00 37 29 00 00 56 0C 15 F7 65 13
1785342990561,18:36:30.561,324,00 00 00 00 00 00 00 00 18 00 42 00 00 A2 EF 34 A7 2F 00 00 1F 81 46 01 00 00 00 00 00 00 32 1D 93 1D BD 4B 4B 00 80 00 BB 58 9E 5E 56 7F 07 E8 7A 66 64 0D 32 19 40 00 00 00 00 37 29 00 00 56 0B 16 F7 65,80 F1 11 46 61 01 00 00 00 00 00 00 00 00 18 00 42 00 00 A2 EF 34 A7 2F 00 00 1F 81 46 01 00 00 00 00 00 00 32 1D 93 1D BD 4B 4B 00 80 00 BB 58 9E 5E 56 7F 07 E8 7A 66 64 0D 32 19 40 00 00 00 00 37 29 00 00 56 0B 16 F7 65 BA
1785342991200,18:36:31.200,501,00 00 00 00 00 00 00 00 18 00 42 00 00 A2 EF 34 A7 2F 00 00 1F 81 46 01 00 00 00 00 00 00 38 1D 22 1D 1F 4B 4B 00 80 00 BB 58 9E 5D 56 6D 07 EA 7A 66 64 0D 32 19 40 00 00 00 00 37 2A 00 00 56 0B 15 F7 65,80 F1 11 46 61 01 00 00 00 00 00 00 00 00 18 00 42 00 00 A2 EF 34 A7 2F 00 00 1F 81 46 01 00 00 00 00 00 00 38 1D 22 1D 1F 4B 4B 00 80 00 BB 58 9E 5D 56 6D 07 EA 7A 66 64 0D 32 19 40 00 00 00 00 37 2A 00 00 56 0B 15 F7 65 A0
1785342992020,18:36:32.020,445,00 00 00 00 00 00 00 00 18 00 42 00 00 A2 EF 34 A7 2F 00 00 1F 81 46 01 00 00 00 00 00 00 38 1D 26 1C A2 4A 4A 00 80 00 BB 58 9F 5D 56 62 08 0A 78 66 64 0D 32 19 40 00 00 00 00 37 2A 00 00 56 0B 15 F7 65,80 F1 11 46 61 01 00 00 00 00 00 00 00 00 18 00 42 00 00 A2 EF 34 A7 2F 00 00 1F 81 46 01 00 00 00 00 00 00 38 1D 26 1C A2 4A 4A 00 80 00 BB 58 9F 5D 56 62 08 0A 78 66 64 0D 32 19 40 00 00 00 00 37 2A 00 00 56 0B 15 F7 65 39
1785342992780,18:36:32.780,364,00 00 00 00 00 00 00 00 18 00 42 00 00 A2 EF 34 A7 2F 00 00 3F 81 46 01 00 00 00 00 00 00 38 1C CB 1C E5 4A 4A 00 80 00 BB 58 9F 5D 56 63 08 11 7D 66 64 0D 32 19 40 00 00 00 00 37 29 00 00 56 0A 15 F7 65,80 F1 11 46 61 01 00 00 00 00 00 00 00 00 18 00 42 00 00 A2 EF 34 A7 2F 00 00 3F 81 46 01 00 00 00 00 00 00 38 1C CB 1C E5 4A 4A 00 80 00 BB 58 9F 5D 56 63 08 11 7D 66 64 0D 32 19 40 00 00 00 00 37 29 00 00 56 0A 15 F7 65 4B
1785342993460,18:36:33.460,309,00 00 00 00 00 00 00 00 18 00 42 00 00 A2 EF 34 A7 2F 00 00 3F 81 46 01 00 00 00 00 00 00 38 1C 2F 1C 3E 4A 4A 00 80 00 BB 58 9F 5D 56 68 07 FE 75 66 64 0D 32 19 40 00 00 00 00 37 2A 00 00 56 0B 15 F7 65,80 F1 11 46 61 01 00 00 00 00 00 00 00 00 18 00 42 00 00 A2 EF 34 A7 2F 00 00 3F 81 46 01 00 00 00 00 00 00 38 1C 2F 1C 3E 4A 4A 00 80 00 BB 58 9F 5D 56 68 07 FE 75 66 64 0D 32 19 40 00 00 00 00 37 2A 00 00 56 0B 15 F7 65 F3
1785342994085,18:36:34.085,410,00 00 00 00 00 00 00 00 18 00 42 00 00 A2 EF 34 A7 2F 00 00 3F 81 46 01 00 00 00 00 00 00 38 1C 63 1B E5 49 49 00 80 00 BB 58 A0 5D 56 7B 07 F4 7B 66 64 0D 32 19 40 00 00 00 00 37 29 00 00 56 0A 15 F7 65,80 F1 11 46 61 01 00 00 00 00 00 00 00 00 18 00 42 00 00 A2 EF 34 A7 2F 00 00 3F 81 46 01 00 00 00 00 00 00 38 1C 63 1B E5 49 49 00 80 00 BB 58 A0 5D 56 7B 07 F4 7B 66 64 0D 32 19 40 00 00 00 00 37 29 00 00 56 0A 15 F7 65 D9
1785342994810,18:36:34.810,303,00 00 00 00 00 00 00 00 18 00 42 00 00 A2 EF 34 A7 2F 00 00 3F 81 46 01 00 00 00 00 00 00 38 1C 1A 1C 64 49 49 00 80 00 BB 58 A0 5D 56 7E 07 C4 78 66 64 0D 32 19 40 00 00 00 00 37 29 00 00 56 0A 15 F7 65,80 F1 11 46 61 01 00 00 00 00 00 00 00 00 18 00 42 00 00 A2 EF 34 A7 2F 00 00 3F 81 46 01 00 00 00 00 00 00 38 1C 1A 1C 64 49 49 00 80 00 BB 58 A0 5D 56 7E 07 C4 78 66 64 0D 32 19 40 00 00 00 00 37 29 00 00 56 0A 15 F7 65 E0
1785342995428,18:36:35.428,333,00 00 00 00 00 00 00 00 18 00 42 00 00 A2 EF 34 A7 2F 00 00 3F 81 46 01 00 00 00 00 00 00 38 1C 58 1C 04 49 49 00 80 00 BB 58 A0 5D 56 5D 07 D1 73 66 64 0D 32 19 40 00 00 00 00 37 29 00 00 56 0A 15 F7 65,80 F1 11 46 61 01 00 00 00 00 00 00 00 00 18 00 42 00 00 A2 EF 34 A7 2F 00 00 3F 81 46 01 00 00 00 00 00 00 38 1C 58 1C 04 49 49 00 80 00 BB 58 A0 5D 56 5D 07 D1 73 66 64 0D 32 19 40 00 00 00 00 37 29 00 00 56 0A 15 F7 65 A5
1785342996074,18:36:36.074,289,00 00 00 00 00 00 00 00 18 00 42 00 00 A2 EF 34 A7 2F 00 00 3F 81 46 01 00 00 00 00 00 00 38 1C 1A 1C 46 48 48 00 80 00 BB 58 A0 5D 56 7F 07 D8 75 66 64 0D 32 19 40 00 00 00 00 37 29 00 00 56 0A 15 F7 65,80 F1 11 46 61 01 00 00 00 00 00 00 00 00 18 00 42 00 00 A2 EF 34 A7 2F 00 00 3F 81 46 01 00 00 00 00 00 00 38 1C 1A 1C 46 48 48 00 80 00 BB 58 A0 5D 56 7F 07 D8 75 66 64 0D 32 19 40 00 00 00 00 37 29 00 00 56 0A 15 F7 65 D2
1785342996673,18:36:36.673,299,00 00 00 00 00 00 00 00 18 00 42 00 00 A2 EF 34 A7 2F 00 00 3F 81 46 01 00 00 00 00 00 00 38 1C 55 1C 89 48 48 00 80 00 BB 58 A0 5D 56 6C 07 DD 77 66 64 0D 32 19 40 00 00 00 00 37 29 00 00 56 09 15 F7 65,80 F1 11 46 61 01 00 00 00 00 00 00 00 00 18 00 42 00 00 A2 EF 34 A7 2F 00 00 3F 81 46 01 00 00 00 00 00 00 38 1C 55 1C 89 48 48 00 80 00 BB 58 A0 5D 56 6C 07 DD 77 66 64 0D 32 19 40 00 00 00 00 37 29 00 00 56 09 15 F7 65 43
1785342997285,18:36:37.285,315,00 00 00 00 00 00 00 00 18 00 42 00 00 A2 EF 34 A7 2F 00 00 3F 81 46 01 00 00 00 00 00 00 38 1C 6E 1C 58 48 48 00 80 00 BB 58 A0 5D 56 77 07 C8 77 66 64 0D 32 19 40 00 00 00 00 37 29 00 00 56 09 15 F7 65,80 F1 11 46 61 01 00 00 00 00 00 00 00 00 18 00 42 00 00 A2 EF 34 A7 2F 00 00 3F 81 46 01 00 00 00 00 00 00 38 1C 6E 1C 58 48 48 00 80 00 BB 58 A0 5D 56 77 07 C8 77 66 64 0D 32 19 40 00 00 00 00 37 29 00 00 56 09 15 F7 65 21
1785342997916,18:36:37.916,371,00 00 00 00 00 00 00 00 18 00 42 00 00 A2 EF 34 A7 2F 00 00 3F 81 46 01 00 00 00 00 00 00 38 1C 58 1C 4C 47 47 00 80 00 BB 58 A0 5C 56 74 07 ED 7D 66 64 0D 32 19 40 00 00 00 00 37 29 00 00 56 09 15 F7 65,80 F1 11 46 61 01 00 00 00 00 00 00 00 00 18 00 42 00 00 A2 EF 34 A7 2F 00 00 3F 81 46 01 00 00 00 00 00 00 38 1C 58 1C 4C 47 47 00 80 00 BB 58 A0 5C 56 74 07 ED 7D 66 64 0D 32 19 40 00 00 00 00 37 29 00 00 56 09 15 F7 65 24
1785342998601,18:36:38.601,309,00 00 00 00 00 00 00 00 18 00 42 00 00 A2 EF 34 A7 2F 00 00 3F 81 46 01 00 00 00 00 00 00 38 1B 92 1B B9 47 47 00 80 00 BB 58 A0 5C 56 81 07 D8 7A 66 64 0D 32 19 40 00 00 00 00 37 29 00 00 56 0A 15 F7 65,80 F1 11 46 61 01 00 00 00 00 00 00 00 00 18 00 42 00 00 A2 EF 34 A7 2F 00 00 3F 81 46 01 00 00 00 00 00 00 38 1B 92 1B B9 47 47 00 80 00 BB 58 A0 5C 56 81 07 D8 7A 66 64 0D 32 19 40 00 00 00 00 37 29 00 00 56 0A 15 F7 65 BF
1785342999228,18:36:39.228,347,00 00 00 00 00 00 00 00 18 00 42 00 00 A2 EF 34 A7 2F 00 00 3F 81 46 01 00 00 00 00 00 00 38 1B ED 1B F3 47 47 00 80 00 BB 58 A0 5C 56 7B 07 C2 73 66 64 0D 32 19 40 00 00 00 00 37 2A 00 00 56 09 15 F7 65,80 F1 11 46 61 01 00 00 00 00 00 00 00 00 18 00 42 00 00 A2 EF 34 A7 2F 00 00 3F 81 46 01 00 00 00 00 00 00 38 1B ED 1B F3 47 47 00 80 00 BB 58 A0 5C 56 7B 07 C2 73 66 64 0D 32 19 40 00 00 00 00 37 2A 00 00 56 09 15 F7 65 31
1785342999895,18:36:39.895,307,00 00 00 00 00 00 00 00 18 00 42 00 00 A2 EF 34 A7 2F 00 00 3F 81 46 01 00 00 00 00 00 00 39 1B 8C 1B BA 46 46 00 80 00 BB 58 A0 5C 56 5E 07 C5 75 66 64 0D 32 19 40 00 00 00 00 37 29 00 00 56 09 15 F7 65,80 F1 11 46 61 01 00 00 00 00 00 00 00 00 18 00 42 00 00 A2 EF 34 A7 2F 00 00 3F 81 46 01 00 00 00 00 00 00 39 1B 8C 1B BA 46 46 00 80 00 BB 58 A0 5C 56 5E 07 C5 75 66 64 0D 32 19 40 00 00 00 00 37 29 00 00 56 09 15 F7 65 7D
1785343000516,18:36:40.516,312,00 00 00 00 00 00 00 00 18 00 42 00 00 A2 EF 34 A7 2F 00 00 3F 81 46 01 00 00 00 00 00 00 39 1B C1 1B B0 46 46 00 80 00 BB 58 A0 5C 56 78 07 B3 7C 66 64 0D 32 19 40 00 00 00 00 37 29 00 00 56 08 15 F7 65,80 F1 11 46 61 01 00 00 00 00 00 00 00 00 18 00 42 00 00 A2 EF 34 A7 2F 00 00 3F 81 46 01 00 00 00 00 00 00 39 1B C1 1B B0 46 46 00 80 00 BB 58 A0 5C 56 78 07 B3 7C 66 64 0D 32 19 40 00 00 00 00 37 29 00 00 56 08 15 F7 65 B6
1785343001144,18:36:41.144,312,00 00 00 00 00 00 00 00 18 00 42 00 00 A2 EF 34 A7 2F 00 00 3F 81 46 01 00 00 00 00 00 00 38 1B 61 1B 16 46 46 00 80 00 BB 58 A0 5C 56 76 07 C9 75 65 64 0D 32 19 40 00 00 00 00 37 2A 00 00 56 09 15 F7 65,80 F1 11 46 61 01 00 00 00 00 00 00 00 00 18 00 42 00 00 A2 EF 34 A7 2F 00 00 3F 81 46 01 00 00 00 00 00 00 38 1B 61 1B 16 46 46 00 80 00 BB 58 A0 5C 56 76 07 C9 75 65 64 0D 32 19 40 00 00 00 00 37 2A 00 00 56 09 15 F7 65 C9
1785343001771,18:36:41.771,348,00 00 00 00 00 00 00 00 18 00 42 00 00 A2 EF 34 A7 2F 00 00 3F 81 46 01 00 00 00 00 00 00 38 1B 1D 1B 36 45 45 00 80 00 BB 58 A0 5C 56 83 07 B3 75 66 64 0D 32 19 40 00 00 00 00 37 29 00 00 56 09 15 F7 65,80 F1 11 46 61 01 00 00 00 00 00 00 00 00 18 00 42 00 00 A2 EF 34 A7 2F 00 00 3F 81 46 01 00 00 00 00 00 00 38 1B 1D 1B 36 45 45 00 80 00 BB 58 A0 5C 56 83 07 B3 75 66 64 0D 32 19 40 00 00 00 00 37 29 00 00 56 09 15 F7 65 9A
1785343002430,18:36:42.430,291,00 00 00 00 00 00 00 00 18 00 42 00 00 A2 EF 34 A7 2F 00 00 3F 81 46 01 00 00 00 00 00 00 38 1A F6 1B 5E 45 45 00 80 00 BB 58 A0 5C 56 56 07 9D 7A 66 64 0D 32 19 40 00 00 00 00 37 29 00 00 56 08 15 F7 65,80 F1 11 46 61 01 00 00 00 00 00 00 00 00 18 00 42 00 00 A2 EF 34 A7 2F 00 00 3F 81 46 01 00 00 00 00 00 00 38 1A F6 1B 5E 45 45 00 80 00 BB 58 A0 5C 56 56 07 9D 7A 66 64 0D 32 19 40 00 00 00 00 37 29 00 00 56 08 15 F7 65 5B
1785343003033,18:36:43.033,328,00 00 00 00 00 00 00 00 18 00 42 00 00 A2 EF 34 A7 2F 00 00 3F 81 46 01 00 00 00 00 00 00 39 1B 1A 1B 32 45 45 00 80 00 BB 58 A0 5C 56 64 07 A4 76 66 64 0D 32 19 40 00 00 00 00 37 2A 00 00 56 08 15 F7 65,80 F1 11 46 61 01 00 00 00 00 00 00 00 00 18 00 42 00 00 A2 EF 34 A7 2F 00 00 3F 81 46 01 00 00 00 00 00 00 39 1B 1A 1B 32 45 45 00 80 00 BB 58 A0 5C 56 64 07 A4 76 66 64 0D 32 19 40 00 00 00 00 37 2A 00 00 56 08 15 F7 65 67
1785343003675,18:36:43.675,309,00 00 00 00 00 00 00 00 18 00 42 00 00 A2 EF 34 A7 2F 00 00 3F 81 46 01 00 00 00 00 00 00 38 1A E7 1B 35 44 44 00 80 00 BB 58 A0 5C 56 6B 07 A0 73 66 64 0D 32 19 40 00 00 00 00 37 2A 00 00 56 09 15 F7 65,80 F1 11 46 61 01 00 00 00 00 00 00 00 00 18 00 42 00 00 A2 EF 34 A7 2F 00 00 3F 81 46 01 00 00 00 00 00 00 38 1A E7 1B 35 44 44 00 80 00 BB 58 A0 5C 56 6B 07 A0 73 66 64 0D 32 19 40 00 00 00 00 37 2A 00 00 56 09 15 F7 65 34
1785343004292,18:36:44.292,312,00 00 00 00 00 00 00 00 18 00 42 00 00 A2 EF 34 A7 2F 00 00 3F 81 46 01 00 00 00 00 00 00 38 1A 98 1A BC 44 44 00 80 00 BB 58 A0 5C 56 82 07 9B 75 65 64 0D 32 19 40 00 00 00 00 37 2A 00 00 56 09 14 F7 65,80 F1 11 46 61 01 00 00 00 00 00 00 00 00 18 00 42 00 00 A2 EF 34 A7 2F 00 00 3F 81 46 01 00 00 00 00 00 00 38 1A 98 1A BC 44 44 00 80 00 BB 58 A0 5C 56 82 07 9B 75 65 64 0D 32 19 40 00 00 00 00 37 2A 00 00 56 09 14 F7 65 7D
1785343004922,18:36:44.922,307,00 00 00 00 00 00 00 00 18 00 42 00 00 A2 EF 34 A7 2F 00 00 3F 81 46 01 00 00 00 00 00 00 39 1A 6A 1A 87 44 44 00 80 00 BA 58 A0 5C 56 7B 07 86 7A 66 64 0D 32 19 40 00 00 00 00 37 29 00 00 56 09 14 F7 65,80 F1 11 46 61 01 00 00 00 00 00 00 00 00 18 00 42 00 00 A2 EF 34 A7 2F 00 00 3F 81 46 01 00 00 00 00 00 00 39 1A 6A 1A 87 44 44 00 80 00 BA 58 A0 5C 56 7B 07 86 7A 66 64 0D 32 19 40 00 00 00 00 37 29 00 00 56 09 14 F7 65 03
1785343005545,18:36:45.545,382,00 00 00 00 00 00 00 00 18 00 42 00 00 A2 EF 34 A7 2F 00 00 3F 81 46 01 00 00 00 00 00 00 39 1A DA 1A C3 44 44 00 80 00 BA 58 A0 5C 56 71 07 B0 7D 66 64 0D 32 19 40 00 00 00 00 37 2A 00 00 56 08 15 F7 65,80 F1 11 46 61 01 00 00 00 00 00 00 00 00 18 00 42 00 00 A2 EF 34 A7 2F 00 00 3F 81 46 01 00 00 00 00 00 00 39 1A DA 1A C3 44 44 00 80 00 BA 58 A0 5C 56 71 07 B0 7D 66 64 0D 32 19 40 00 00 00 00 37 2A 00 00 56 08 15 F7 65 D3
1785343006244,18:36:46.244,311,00 00 00 00 00 00 00 00 18 00 42 00 00 A2 EF 34 A7 2F 00 00 3F 81 46 01 00 00 00 00 00 00 38 1A 61 1A 75 44 44 00 80 00 BA 58 A0 5C 56 6B 07 9A 74 66 64 0D 32 19 40 00 00 00 00 37 29 00 00 56 09 14 F7 65,80 F1 11 46 61 01 00 00 00 00 00 00 00 00 18 00 42 00 00 A2 EF 34 A7 2F 00 00 3F 81 46 01 00 00 00 00 00 00 38 1A 61 1A 75 44 44 00 80 00 BA 58 A0 5C 56 6B 07 9A 74 66 64 0D 32 19 40 00 00 00 00 37 29 00 00 56 09 14 F7 65 E5
1785343006870,18:36:46.870,300,00 00 00 00 00 00 00 00 18 00 42 00 00 A2 EF 34 A7 2F 00 00 3F 81 46 01 00 00 00 00 00 00 38 1A D7 1A 93 44 44 00 80 00 BA 58 A0 5C 56 64 07 98 74 66 64 0D 32 19 40 00 00 00 00 37 29 00 00 56 09 14 F7 65,80 F1 11 46 61 01 00 00 00 00 00 00 00 00 18 00 42 00 00 A2 EF 34 A7 2F 00 00 3F 81 46 01 00 00 00 00 00 00 38 1A D7 1A 93 44 44 00 80 00 BA 58 A0 5C 56 64 07 98 74 66 64 0D 32 19 40 00 00 00 00 37 29 00 00 56 09 14 F7 65 70
1785343007476,18:36:47.476,345,00 00 00 00 00 00 00 00 18 00 42 00 00 A2 EF 34 A7 2F 00 00 3F 81 46 01 00 00 00 00 00 00 38 1A 6A 1A C8 44 44 00 80 00 BA 58 A0 5C 56 66 07 9C 74 66 64 0D 32 19 40 00 00 00 00 37 29 00 00 56 08 14 F7 65,80 F1 11 46 61 01 00 00 00 00 00 00 00 00 18 00 42 00 00 A2 EF 34 A7 2F 00 00 3F 81 46 01 00 00 00 00 00 00 38 1A 6A 1A C8 44 44 00 80 00 BA 58 A0 5C 56 66 07 9C 74 66 64 0D 32 19 40 00 00 00 00 37 29 00 00 56 08 14 F7 65 3D
1785343008135,18:36:48.135,360,00 00 00 00 00 00 00 00 18 00 42 00 00 A2 EF 34 A7 2F 00 00 3F 81 46 01 00 00 00 00 00 00 39 1A 9F 1A 86 44 44 00 80 00 BA 58 A0 5C 56 77 07 88 78 65 64 0D 32 19 40 00 00 00 00 37 2A 00 00 56 09 14 F7 65,80 F1 11 46 61 01 00 00 00 00 00 00 00 00 18 00 42 00 00 A2 EF 34 A7 2F 00 00 3F 81 46 01 00 00 00 00 00 00 39 1A 9F 1A 86 44 44 00 80 00 BA 58 A0 5C 56 77 07 88 78 65 64 0D 32 19 40 00 00 00 00 37 2A 00 00 56 09 14 F7 65 33
1785343008809,18:36:48.809,300,00 00 00 00 00 00 00 00 18 00 42 00 00 A2 EF 34 A7 2F 00 00 3F 81 46 01 00 00 00 00 00 00 38 1A 5B 1A B8 44 44 00 80 00 BA 58 A0 5C 56 64 07 9A 7C 66 64 0D 32 19 40 00 00 00 00 37 2A 00 00 56 08 14 F7 65,80 F1 11 46 61 01 00 00 00 00 00 00 00 00 18 00 42 00 00 A2 EF 34 A7 2F 00 00 3F 81 46 01 00 00 00 00 00 00 38 1A 5B 1A B8 44 44 00 80 00 BA 58 A0 5C 56 64 07 9A 7C 66 64 0D 32 19 40 00 00 00 00 37 2A 00 00 56 08 14 F7 65 23
1785343009420,18:36:49.420,343,00 00 00 00 00 00 00 00 18 00 42 00 00 A2 EF 34 A7 2F 00 00 3F 81 46 01 00 00 00 00 00 00 38 1A C7 1A B8 44 44 00 80 00 BA 58 A1 5C 56 6A 07 8C 7E 66 64 0D 32 19 40 00 00 00 00 37 29 00 00 56 08 15 F7 65,80 F1 11 46 61 01 00 00 00 00 00 00 00 00 18 00 42 00 00 A2 EF 34 A7 2F 00 00 3F 81 46 01 00 00 00 00 00 00 38 1A C7 1A B8 44 44 00 80 00 BA 58 A1 5C 56 6A 07 8C 7E 66 64 0D 32 19 40 00 00 00 00 37 29 00 00 56 08 15 F7 65 8A
1785343010079,18:36:50.079,312,00 00 00 00 00 00 00 00 18 00 42 00 00 A2 EF 34 A7 2F 00 00 3F 81 46 01 00 00 00 00 00 00 39 1A 7A 1A B5 44 44 00 80 00 BA 58 A1 5C 56 66 07 9A 79 66 64 0D 32 19 40 00 00 00 00 37 29 00 00 56 09 14 F7 65,80 F1 11 46 61 01 00 00 00 00 00 00 00 00 18 00 42 00 00 A2 EF 34 A7 2F 00 00 3F 81 46 01 00 00 00 00 00 00 39 1A 7A 1A B5 44 44 00 80 00 BA 58 A1 5C 56 66 07 9A 79 66 64 0D 32 19 40 00 00 00 00 37 29 00 00 56 09 14 F7 65 40
1785343010705,18:36:50.705,311,00 00 00 00 00 00 00 00 18 00 42 00 00 A2 EF 34 A7 2F 00 00 3F 81 46 01 00 00 00 00 00 00 38 1A 98 1A FE 44 44 00 80 00 BA 58 A1 5C 56 59 07 8E 73 66 64 0D 32 19 40 00 00 00 00 37 29 00 00 56 08 15 F7 65,80 F1 11 46 61 01 00 00 00 00 00 00 00 00 18 00 42 00 00 A2 EF 34 A7 2F 00 00 3F 81 46 01 00 00 00 00 00 00 38 1A 98 1A FE 44 44 00 80 00 BA 58 A1 5C 56 59 07 8E 73 66 64 0D 32 19 40 00 00 00 00 37 29 00 00 56 08 15 F7 65 87
1785343011332,18:36:51.332,331,00 00 00 00 00 00 00 00 18 00 42 00 00 A2 EF 34 A7 2F 00 00 3F 81 46 01 00 00 00 00 00 00 38 1A D4 1A EC 44 44 00 80 00 BA 58 A1 5C 56 83 07 84 72 66 64 0D 32 19 40 00 00 00 00 37 29 00 00 56 08 15 F7 65,80 F1 11 46 61 01 00 00 00 00 00 00 00 00 18 00 42 00 00 A2 EF 34 A7 2F 00 00 3F 81 46 01 00 00 00 00 00 00 38 1A D4 1A EC 44 44 00 80 00 BA 58 A1 5C 56 83 07 84 72 66 64 0D 32 19 40 00 00 00 00 37 29 00 00 56 08 15 F7 65 D0
1785343011976,18:36:51.976,363,00 00 00 00 00 00 00 00 18 00 42 00 00 A2 EF 34 A7 2F 00 00 3F 81 46 01 00 00 00 00 00 00 38 1A A8 1A 93 44 44 00 80 00 BA 58 A1 5C 56 70 07 89 76 65 64 0D 32 19 40 00 00 00 00 37 29 00 00 56 08 14 F7 65,80 F1 11 46 61 01 00 00 00 00 00 00 00 00 18 00 42 00 00 A2 EF 34 A7 2F 00 00 3F 81 46 01 00 00 00 00 00 00 38 1A A8 1A 93 44 44 00 80 00 BA 58 A1 5C 56 70 07 89 76 65 64 0D 32 19 40 00 00 00 00 37 29 00 00 56 08 14 F7 65 3F
1785343012655,18:36:52.655,293,00 00 00 00 00 00 00 00 18 00 42 00 00 A2 EF 34 A7 2F 00 00 3F 81 46 01 00 00 00 00 00 00 39 1A C4 1A 95 44 44 00 80 00 BA 58 A1 5C 56 65 07 8A 7B 66 64 0D 32 19 40 00 00 00 00 37 29 00 00 56 08 14 F7 65,80 F1 11 46 61 01 00 00 00 00 00 00 00 00 18 00 42 00 00 A2 EF 34 A7 2F 00 00 3F 81 46 01 00 00 00 00 00 00 39 1A C4 1A 95 44 44 00 80 00 BA 58 A1 5C 56 65 07 8A 7B 66 64 0D 32 19 40 00 00 00 00 37 29 00 00 56 08 14 F7 65 5A
1785343013257,18:36:53.257,404,00 00 00 00 00 00 00 00 18 00 42 00 00 A2 EF 34 A7 2F 00 00 3F 81 46 01 00 00 00 00 00 00 39 1A 61 1A 7D 44 44 00 80 00 BA 58 A1 5C 56 76 07 77 7D 66 64 0D 32 19 40 00 00 00 00 37 29 00 00 56 08 14 F7 65,80 F1 11 46 61 01 00 00 00 00 00 00 00 00 18 00 42 00 00 A2 EF 34 A7 2F 00 00 3F 81 46 01 00 00 00 00 00 00 39 1A 61 1A 7D 44 44 00 80 00 BA 58 A1 5C 56 76 07 77 7D 66 64 0D 32 19 40 00 00 00 00 37 29 00 00 56 08 14 F7 65 DF
1785343013973,18:36:53.973,325,00 00 00 00 00 00 00 00 18 00 42 00 00 A2 EF 34 A7 2F 00 00 3F 81 46 01 00 00 00 00 00 00 38 1B 0A 1A D0 44 44 00 80 00 B9 58 A1 5C 56 7E 07 9B 73 66 64 0D 32 19 40 00 00 00 00 37 29 00 00 56 08 15 F7 65,80 F1 11 46 61 01 00 00 00 00 00 00 00 00 18 00 42 00 00 A2 EF 34 A7 2F 00 00 3F 81 46 01 00 00 00 00 00 00 38 1B 0A 1A D0 44 44 00 80 00 B9 58 A1 5C 56 7E 07 9B 73 66 64 0D 32 19 40 00 00 00 00 37 29 00 00 56 08 15 F7 65 FD
1785343014609,18:36:54.609,299,00 00 00 00 00 00 00 00 18 00 42 00 00 A2 EF 34 A7 2F 00 00 3F 81 46 01 00 00 00 00 00 00 38 1A 83 1A 6A 44 44 00 80 00 BA 58 A1 5C 56 79 07 95 73 66 64 0D 32 19 40 00 00 00 00 37 29 00 00 56 08 14 F7 65,80 F1 11 46 61 01 00 00 00 00 00 00 00 00 18 00 42 00 00 A2 EF 34 A7 2F 00 00 3F 81 46 01 00 00 00 00 00 00 38 1A 83 1A 6A 44 44 00 80 00 BA 58 A1 5C 56 79 07 95 73 66 64 0D 32 19 40 00 00 00 00 37 29 00 00 56 08 14 F7 65 04
1785343015217,18:36:55.217,294,00 00 00 00 00 00 00 00 18 00 42 00 00 A2 EF 34 A7 2F 00 00 3F 81 46 01 00 00 00 00 00 00 38 1A A5 1B 08 44 44 00 80 00 BA 58 A1 5C 56 68 07 9B 72 66 64 0D 32 19 40 00 00 00 00 37 29 00 00 56 08 15 F7 65,80 F1 11 46 61 01 00 00 00 00 00 00 00 00 18 00 42 00 00 A2 EF 34 A7 2F 00 00 3F 81 46 01 00 00 00 00 00 00 38 1A A5 1B 08 44 44 00 80 00 BA 58 A1 5C 56 68 07 9B 72 66 64 0D 32 19 40 00 00 00 00 37 29 00 00 56 08 15 F7 65 BA
1785343015827,18:36:55.827,316,00 00 00 00 00 00 00 00 18 00 42 00 00 A2 EF 34 A7 2F 00 00 3F 81 46 01 00 00 00 00 00 00 39 1A 58 1A A5 44 44 00 80 00 B9 58 A1 5C 56 5D 07 7F 74 65 64 0D 32 19 40 00 00 00 00 37 29 00 00 56 08 14 F7 65,80 F1 11 46 61 01 00 00 00 00 00 00 00 00 18 00 42 00 00 A2 EF 34 A7 2F 00 00 3F 81 46 01 00 00 00 00 00 00 39 1A 58 1A A5 44 44 00 80 00 B9 58 A1 5C 56 5D 07 7F 74 65 64 0D 32 19 40 00 00 00 00 37 29 00 00 56 08 14 F7 65 E2
1785343016447,18:36:56.447,302,00 00 00 00 00 00 00 00 18 00 42 00 00 A2 EF 34 A7 2F 00 00 3F 81 46 01 00 00 00 00 00 00 39 1A 92 1A 76 44 44 00 80 00 B9 58 A1 5C 56 79 07 A9 75 65 64 0D 32 19 40 00 00 00 00 37 29 00 00 56 08 14 F7 65,80 F1 11 46 61 01 00 00 00 00 00 00 00 00 18 00 42 00 00 A2 EF 34 A7 2F 00 00 3F 81 46 01 00 00 00 00 00 00 39 1A 92 1A 76 44 44 00 80 00 B9 58 A1 5C 56 79 07 A9 75 65 64 0D 32 19 40 00 00 00 00 37 29 00 00 56 08 14 F7 65 34
1785343017063,18:36:57.063,374,00 00 00 00 00 00 00 00 18 00 42 00 00 A2 EF 34 A7 2F 00 00 3F 81 46 01 00 00 00 00 00 00 39 1A A8 1A 9B 44 44 00 80 00 B9 58 A1 5C 56 7E 07 89 77 65 64 0D 32 19 40 00 00 00 00 37 29 00 00 56 08 14 F7 65,80 F1 11 46 61 01 00 00 00 00 00 00 00 00 18 00 42 00 00 A2 EF 34 A7 2F 00 00 3F 81 46 01 00 00 00 00 00 00 39 1A A8 1A 9B 44 44 00 80 00 B9 58 A1 5C 56 7E 07 89 77 65 64 0D 32 19 40 00 00 00 00 37 29 00 00 56 08 14 F7 65 56
1785343017750,18:36:57.750,767,00 00 00 00 00 00 00 00 18 00 42 00 00 A2 EF 34 A7 2F 00 00 3F 81 46 01 00 00 00 00 00 00 38 1A 64 1A BF 44 44 00 80 00 B9 58 A1 5C 56 79 07 A3 7C 66 64 0D 32 19 40 00 00 00 00 37 29 00 00 56 08 14 F7 65,80 F1 11 46 61 01 00 00 00 00 00 00 00 00 18 00 42 00 00 A2 EF 34 A7 2F 00 00 3F 81 46 01 00 00 00 00 00 00 38 1A 64 1A BF 44 44 00 80 00 B9 58 A1 5C 56 79 07 A3 7C 66 64 0D 32 19 40 00 00 00 00 37 29 00 00 56 08 14 F7 65 50
1785343018832,18:36:58.832,319,00 00 00 00 00 00 00 00 18 00 42 00 00 A2 EF 34 A7 2F 00 00 3F 81 46 01 00 00 00 00 00 00 39 1A BB 1A 9A 44 44 00 80 00 B9 58 A1 5C 56 80 07 A3 76 65 64 0D 32 19 40 00 00 00 00 37 29 00 00 56 08 14 F7 65,80 F1 11 46 61 01 00 00 00 00 00 00 00 00 18 00 42 00 00 A2 EF 34 A7 2F 00 00 3F 81 46 01 00 00 00 00 00 00 39 1A BB 1A 9A 44 44 00 80 00 B9 58 A1 5C 56 80 07 A3 76 65 64 0D 32 19 40 00 00 00 00 37 29 00 00 56 08 14 F7 65 83
1785343019466,18:36:59.466,325,00 00 00 00 00 00 00 00 18 00 42 00 00 A2 EF 34 A7 2F 00 00 3F 81 46 01 00 00 00 00 00 00 39 1A CD 1A B0 44 44 00 80 00 B9 58 A1 5C 56 82 07 8D 79 65 64 0D 32 19 40 00 00 00 00 37 29 00 00 56 07 15 F7 65,80 F1 11 46 61 01 00 00 00 00 00 00 00 00 18 00 42 00 00 A2 EF 34 A7 2F 00 00 3F 81 46 01 00 00 00 00 00 00 39 1A CD 1A B0 44 44 00 80 00 B9 58 A1 5C 56 82 07 8D 79 65 64 0D 32 19 40 00 00 00 00 37 29 00 00 56 07 15 F7 65 9A
1785343020106,18:37:00.106,338,00 00 00 00 00 00 00 00 18 00 42 00 00 A2 EF 34 A7 2F 00 00 3F 81 46 01 00 00 00 00 00 00 39 1A 7A 1A D3 44 44 00 80 00 B9 58 A1 5C 56 7F 07 9D 7D 66 64 0D 32 19 40 00 00 00 00 37 29 00 00 56 08 15 F7 65,80 F1 11 46 61 01 00 00 00 00 00 00 00 00 18 00 42 00 00 A2 EF 34 A7 2F 00 00 3F 81 46 01 00 00 00 00 00 00 39 1A 7A 1A D3 44 44 00 80 00 B9 58 A1 5C 56 7F 07 9D 7D 66 64 0D 32 19 40 00 00 00 00 37 29 00 00 56 08 15 F7 65 7D
1785343020757,18:37:00.757,476,00 00 00 00 00 00 00 00 18 00 42 00 00 A2 EF 34 A7 2F 00 00 3F 81 46 01 00 00 00 00 00 00 38 1A 9F 1A 0C 44 44 00 80 00 B9 58 A1 5C 56 5C 07 89 7C 66 64 0D 32 19 40 00 00 00 00 37 29 00 00 56 09 14 F7 65,80 F1 11 46 61 01 00 00 00 00 00 00 00 00 18 00 42 00 00 A2 EF 34 A7 2F 00 00 3F 81 46 01 00 00 00 00 00 00 38 1A 9F 1A 0C 44 44 00 80 00 B9 58 A1 5C 56 5C 07 89 7C 66 64 0D 32 19 40 00 00 00 00 37 29 00 00 56 09 14 F7 65 A2
1785343021545,18:37:01.545,356,00 00 00 00 00 00 00 00 18 00 42 00 00 A2 EF 34 A7 2F 00 00 3F 81 46 01 00 00 00 00 00 00 39 1A E0 1A 78 44 44 00 80 00 B9 58 A1 5C 56 69 07 83 7A 66 64 0D 32 19 40 00 00 00 00 37 29 00 00 56 08 15 F7 65,80 F1 11 46 61 01 00 00 00 00 00 00 00 00 18 00 42 00 00 A2 EF 34 A7 2F 00 00 3F 81 46 01 00 00 00 00 00 00 39 1A E0 1A 78 44 44 00 80 00 B9 58 A1 5C 56 69 07 83 7A 66 64 0D 32 19 40 00 00 00 00 37 29 00 00 56 08 15 F7 65 55
1785343022213,18:37:02.213,346,00 00 00 00 00 00 00 00 18 00 42 00 00 A2 EF 34 A7 2F 00 00 3F 81 46 01 00 00 00 00 00 00 39 1A 9B 1A D4 44 44 00 80 00 B9 58 A1 5C 56 75 07 99 7D 66 64 0D 32 19 40 00 00 00 00 37 29 00 00 56 08 15 F7 65,80 F1 11 46 61 01 00 00 00 00 00 00 00 00 18 00 42 00 00 A2 EF 34 A7 2F 00 00 3F 81 46 01 00 00 00 00 00 00 39 1A 9B 1A D4 44 44 00 80 00 B9 58 A1 5C 56 75 07 99 7D 66 64 0D 32 19 40 00 00 00 00 37 29 00 00 56 08 15 F7 65 91
1785343022872,18:37:02.872,311,00 00 00 00 00 00 00 00 18 00 42 00 00 A2 EF 34 A7 2F 00 00 3F 81 46 01 00 00 00 00 00 00 39 1A 5B 1A 6B 44 44 00 80 00 B9 58 A1 5C 56 73 07 6F 7B 66 64 0D 32 19 40 00 00 00 00 37 29 00 00 56 08 14 F7 65,80 F1 11 46 61 01 00 00 00 00 00 00 00 00 18 00 42 00 00 A2 EF 34 A7 2F 00 00 3F 81 46 01 00 00 00 00 00 00 39 1A 5B 1A 6B 44 44 00 80 00 B9 58 A1 5C 56 73 07 6F 7B 66 64 0D 32 19 40 00 00 00 00 37 29 00 00 56 08 14 F7 65 B9
1785343023489,18:37:03.489,290,00 00 00 00 00 00 00 00 18 00 42 00 00 A2 EF 34 A7 2F 00 00 3F 81 46 01 00 00 00 00 00 00 39 1A D7 1A C4 44 44 00 80 00 B9 58 A1 5C 56 7F 07 96 7D 66 64 0D 32 19 40 00 00 00 00 37 29 00 00 56 08 15 F7 65,80 F1 11 46 61 01 00 00 00 00 00 00 00 00 18 00 42 00 00 A2 EF 34 A7 2F 00 00 3F 81 46 01 00 00 00 00 00 00 39 1A D7 1A C4 44 44 00 80 00 B9 58 A1 5C 56 7F 07 96 7D 66 64 0D 32 19 40 00 00 00 00 37 29 00 00 56 08 15 F7 65 C4
1785343024084,18:37:04.084,287,00 00 00 00 00 00 00 00 18 00 42 00 00 A2 EF 34 A7 2F 00 00 3F 81 46 01 00 00 00 00 00 00 38 1A 67 1A 8E 44 44 00 80 00 B9 58 A1 5C 56 7F 07 9F 7D 66 64 0D 32 19 40 00 00 00 00 37 2A 00 00 56 08 14 F7 65,80 F1 11 46 61 01 00 00 00 00 00 00 00 00 18 00 42 00 00 A2 EF 34 A7 2F 00 00 3F 81 46 01 00 00 00 00 00 00 38 1A 67 1A 8E 44 44 00 80 00 B9 58 A1 5C 56 7F 07 9F 7D 66 64 0D 32 19 40 00 00 00 00 37 2A 00 00 56 08 14 F7 65 26
1785343024677,18:37:04.677,425,00 00 00 00 00 00 00 00 18 00 42 00 00 A2 EF 34 A7 2F 00 00 3F 81 46 01 00 00 00 00 00 00 39 1A FA 1A DE 44 44 00 80 00 B9 58 A1 5C 56 78 07 7D 7D 66 64 0D 32 19 40 00 00 00 00 37 29 00 00 56 07 15 F7 65,80 F1 11 46 61 01 00 00 00 00 00 00 00 00 18 00 42 00 00 A2 EF 34 A7 2F 00 00 3F 81 46 01 00 00 00 00 00 00 39 1A FA 1A DE 44 44 00 80 00 B9 58 A1 5C 56 78 07 7D 7D 66 64 0D 32 19 40 00 00 00 00 37 29 00 00 56 07 15 F7 65 E0
1785343025419,18:37:05.419,296,00 00 00 00 00 00 00 00 18 00 42 00 00 A2 EF 34 A7 2F 00 00 3F 81 46 01 00 00 00 00 00 00 39 1A 6A 1A 88 44 44 00 80 00 B8 58 A1 5C 56 7E 07 97 74 65 64 0D 32 19 40 00 00 00 00 37 29 00 00 56 08 14 F7 65,80 F1 11 46 61 01 00 00 00 00 00 00 00 00 18 00 42 00 00 A2 EF 34 A7 2F 00 00 3F 81 46 01 00 00 00 00 00 00 39 1A 6A 1A 88 44 44 00 80 00 B8 58 A1 5C 56 7E 07 97 74 65 64 0D 32 19 40 00 00 00 00 37 29 00 00 56 08 14 F7 65 0F
1785343026028,18:37:06.028,337,00 00 00 00 00 00 00 00 18 00 42 00 00 A2 EF 34 A7 2F 00 00 3F 81 46 01 00 00 00 00 00 00 38 1A 9F 1A 68 44 44 00 80 00 B8 58 A1 5C 56 67 07 8A 74 65 64 0D 32 19 40 00 00 00 00 37 29 00 00 56 08 14 F7 65,80 F1 11 46 61 01 00 00 00 00 00 00 00 00 18 00 42 00 00 A2 EF 34 A7 2F 00 00 3F 81 46 01 00 00 00 00 00 00 38 1A 9F 1A 68 44 44 00 80 00 B8 58 A1 5C 56 67 07 8A 74 65 64 0D 32 19 40 00 00 00 00 37 29 00 00 56 08 14 F7 65 FF
1785343026681,18:37:06.681,325,00 00 00 00 00 00 00 00 18 00 42 00 00 A2 EF 34 A7 2F 00 00 3F 81 46 01 00 00 00 00 00 00 39 1A B1 1A C6 44 44 00 80 00 B8 59 A1 5C 56 76 07 77 78 66 64 0D 32 19 40 00 00 00 00 37 29 00 00 56 07 14 F7 65,80 F1 11 46 61 01 00 00 00 00 00 00 00 00 18 00 42 00 00 A2 EF 34 A7 2F 00 00 3F 81 46 01 00 00 00 00 00 00 39 1A B1 1A C6 44 44 00 80 00 B8 59 A1 5C 56 76 07 77 78 66 64 0D 32 19 40 00 00 00 00 37 29 00 00 56 07 14 F7 65 71
1785343027321,18:37:07.321,327,00 00 00 00 00 00 00 00 18 00 42 00 00 A2 EF 34 A7 2F 00 00 26 11 04 01 01 00 00 01 28 00 39 00 00 00 00 44 44 00 80 00 B8 59 A0 5C 56 00 02 48 7A 66 64 00 32 19 40 00 00 00 00 36 29 00 00 56 FB 16 F7 65,80 F1 11 46 61 01 00 00 00 00 00 00 00 00 18 00 42 00 00 A2 EF 34 A7 2F 00 00 26 11 04 01 01 00 00 01 28 00 39 00 00 00 00 44 44 00 80 00 B8 59 A0 5C 56 00 02 48 7A 66 64 00 32 19 40 00 00 00 00 36 29 00 00 56 FB 16 F7 65 64
1785343027966,18:37:07.966,326,00 00 00 00 00 00 00 00 18 00 42 00 00 A2 EF 34 A7 2F 00 00 00 11 00 01 01 00 00 01 28 00 15 00 00 00 00 44 44 00 80 00 B8 59 A0 5C 56 00 00 A9 79 67 64 00 32 19 40 00 00 00 00 36 29 00 00 56 FB 00 F7 65,80 F1 11 46 61 01 00 00 00 00 00 00 00 00 18 00 42 00 00 A2 EF 34 A7 2F 00 00 00 11 00 01 01 00 00 01 28 00 15 00 00 00 00 44 44 00 80 00 B8 59 A0 5C 56 00 00 A9 79 67 64 00 32 19 40 00 00 00 00 36 29 00 00 56 FB 00 F7 65 5F
1785343028598,18:37:08.598,339,00 00 00 00 00 00 00 00 18 00 42 00 00 A2 EF 34 A7 2F 00 00 00 11 00 01 01 00 00 01 28 00 00 00 00 00 00 44 44 00 80 00 B8 59 A0 5C 56 00 00 56 79 67 64 00 32 19 40 00 00 00 00 36 29 00 00 56 FB 00 F7 65,80 F1 11 46 61 01 00 00 00 00 00 00 00 00 18 00 42 00 00 A2 EF 34 A7 2F 00 00 00 11 00 01 01 00 00 01 28 00 00 00 00 00 00 44 44 00 80 00 B8 59 A0 5C 56 00 00 56 79 67 64 00 32 19 40 00 00 00 00 36 29 00 00 56 FB 00 F7 65 F7
1785343029249,18:37:09.249,329,00 00 00 00 00 00 00 00 18 00 42 00 00 A2 EF 34 A7 2F 00 00 00 11 00 01 01 00 00 01 28 00 00 00 00 00 00 44 44 00 80 00 B8 59 9F 5C 56 00 00 56 79 67 64 00 32 19 40 00 00 00 00 36 29 00 00 56 FB 00 F7 65,80 F1 11 46 61 01 00 00 00 00 00 00 00 00 18 00 42 00 00 A2 EF 34 A7 2F 00 00 00 11 00 01 01 00 00 01 28 00 00 00 00 00 00 44 44 00 80 00 B8 59 9F 5C 56 00 00 56 79 67 64 00 32 19 40 00 00 00 00 36 29 00 00 56 FB 00 F7 65 F6
1785343029893,18:37:09.893,345,00 00 00 00 00 00 00 00 18 00 42 00 00 A2 EF 34 A7 2F 00 00 00 11 00 01 01 00 00 01 28 00 00 00 00 00 00 44 44 00 80 00 B8 59 9F 5D 56 00 00 56 79 67 64 00 32 19 40 00 00 00 00 36 29 00 00 56 FB 00 F7 65,80 F1 11 46 61 01 00 00 00 00 00 00 00 00 18 00 42 00 00 A2 EF 34 A7 2F 00 00 00 11 00 01 01 00 00 01 28 00 00 00 00 00 00 44 44 00 80 00 B8 59 9F 5D 56 00 00 56 79 67 64 00 32 19 40 00 00 00 00 36 29 00 00 56 FB 00 F7 65 F7
1785343030551,18:37:10.551,304,00 00 00 00 00 00 00 00 18 00 42 00 00 A2 EF 34 A7 2F 00 00 00 11 00 01 01 00 00 01 28 00 00 00 00 00 00 44 44 00 80 00 B7 59 9E 5D 56 00 00 56 79 67 64 00 32 19 40 00 00 00 00 36 29 00 00 56 FB 00 F7 65,80 F1 11 46 61 01 00 00 00 00 00 00 00 00 18 00 42 00 00 A2 EF 34 A7 2F 00 00 00 11 00 01 01 00 00 01 28 00 00 00 00 00 00 44 44 00 80 00 B7 59 9E 5D 56 00 00 56 79 67 64 00 32 19 40 00 00 00 00 36 29 00 00 56 FB 00 F7 65 F5
1785343031168,18:37:11.168,351,00 00 00 00 00 00 00 00 18 00 42 00 00 A2 EF 34 A7 2F 00 00 00 11 00 01 01 00 00 01 28 00 00 00 00 00 00 44 44 00 80 00 B8 59 9E 5D 56 00 00 56 79 67 64 00 32 19 40 00 00 00 00 36 29 00 00 56 FB 00 F7 65,80 F1 11 46 61 01 00 00 00 00 00 00 00 00 18 00 42 00 00 A2 EF 34 A7 2F 00 00 00 11 00 01 01 00 00 01 28 00 00 00 00 00 00 44 44 00 80 00 B8 59 9E 5D 56 00 00 56 79 67 64 00 32 19 40 00 00 00 00 36 29 00 00 56 FB 00 F7 65 F6
1785343031836,18:37:11.836,309,00 00 00 00 00 00 00 00 18 00 42 00 00 A2 EF 34 A7 2F 00 00 00 11 00 01 01 00 00 01 28 00 00 00 00 00 00 44 44 00 80 00 B8 59 9E 5D 56 00 00 56 79 67 64 00 32 19 40 00 00 00 00 36 29 00 00 56 FB 00 F7 65,80 F1 11 46 61 01 00 00 00 00 00 00 00 00 18 00 42 00 00 A2 EF 34 A7 2F 00 00 00 11 00 01 01 00 00 01 28 00 00 00 00 00 00 44 44 00 80 00 B8 59 9E 5D 56 00 00 56 79 67 64 00 32 19 40 00 00 00 00 36 29 00 00 56 FB 00 F7 65 F6
1785343032460,18:37:12.460,367,00 00 00 00 00 00 00 00 18 00 42 00 00 A6 25 34 A7 2F 00 00 00 11 00 01 01 00 00 01 28 00 00 00 00 00 00 44 44 00 80 00 B7 59 9D 5D 56 00 00 56 79 67 64 00 32 19 40 00 00 00 00 36 29 00 00 56 FB 00 F7 65,80 F1 11 46 61 01 00 00 00 00 00 00 00 00 18 00 42 00 00 A6 25 34 A7 2F 00 00 00 11 00 01 01 00 00 01 28 00 00 00 00 00 00 44 44 00 80 00 B7 59 9D 5D 56 00 00 56 79 67 64 00 32 19 40 00 00 00 00 36 29 00 00 56 FB 00 F7 65 2E
